,mean_fit_time,std_fit_time,mean_score_time,std_score_time,param_max_depth,param_min_samples_leaf,param_min_samples_split,param_n_estimators,params,split0_test_score,split1_test_score,split2_test_score,mean_test_score,std_test_score,rank_test_score
0,1.5241208871205647,0.050774722809721784,0.031057437260945637,0.0008049060743916845,86,2,3,464,"OrderedDict([('max_depth', 86), ('min_samples_leaf', 2), ('min_samples_split', 3), ('n_estimators', 464)])",0.8533515568518653,0.8521821061306193,0.833359530720539,0.846297731234341,0.009161138144316223,140
1,0.0630645751953125,0.00722746722576499,0.003391742706298828,0.0006654347823874581,99,4,9,25,"OrderedDict([('max_depth', 99), ('min_samples_leaf', 4), ('min_samples_split', 9), ('n_estimators', 25)])",0.859562269201595,0.8548173124201398,0.8354083745282176,0.8499293187166508,0.010448987791716578,112
2,0.23888889948527017,0.021968272072369874,0.0087281862894694,0.0006414962298689794,68,4,3,90,"OrderedDict([('max_depth', 68), ('min_samples_leaf', 4), ('min_samples_split', 3), ('n_estimators', 90)])",0.8580882807656961,0.857258040097475,0.8393929883179914,0.8515797697270541,0.008624019006086073,101
3,1.9542558987935383,0.041374790370692735,0.04402637481689453,0.007610205131180222,57,2,5,639,"OrderedDict([('max_depth', 57), ('min_samples_leaf', 2), ('min_samples_split', 5), ('n_estimators', 639)])",0.8546924115546589,0.8524233474423901,0.8344638768621915,0.8471932119530802,0.009048541019725933,131
4,1.9196325937906902,0.09207450569094475,0.04525510470072428,0.007143314801616806,34,3,3,673,"OrderedDict([('max_depth', 34), ('min_samples_leaf', 3), ('min_samples_split', 3), ('n_estimators', 673)])",0.8577132463992949,0.8549172058936131,0.8363923735647447,0.8496742752858841,0.009460836665780327,114
5,0.7987430890401205,0.0913292985003247,0.020488421122233074,0.0028117218684681647,42,3,7,295,"OrderedDict([('max_depth', 42), ('min_samples_leaf', 3), ('min_samples_split', 7), ('n_estimators', 295)])",0.8575818031235589,0.8556638166689351,0.8375344164235464,0.8502600120720135,0.009032358734617916,110
6,0.22352337837219238,0.01720736930516135,0.00821383794148763,0.0015188247115498626,76,3,10,94,"OrderedDict([('max_depth', 76), ('min_samples_leaf', 3), ('min_samples_split', 10), ('n_estimators', 94)])",0.8572493755438673,0.8567230205732503,0.8385463584709761,0.850839584862698,0.008695279321845346,108
7,2.307079553604126,0.10180127616111356,0.05376108487447103,0.005047134437899382,77,2,2,739,"OrderedDict([('max_depth', 77), ('min_samples_leaf', 2), ('min_samples_split', 2), ('n_estimators', 739)])",0.8532377723485294,0.8518598843506151,0.833183752683238,0.8460938031274609,0.009146099193571833,141
8,0.979103167851766,0.0628248565096072,0.029692649841308594,0.0024847608755730406,73,3,10,400,"OrderedDict([('max_depth', 73), ('min_samples_leaf', 3), ('min_samples_split', 10), ('n_estimators', 400)])",0.8584452150593757,0.856194898224591,0.8390615560817197,0.8512338897885622,0.008656029203866239,107
9,1.0643867651621501,0.09206664749322106,0.03345926602681478,0.007841636821802516,4,5,5,733,"OrderedDict([('max_depth', 4), ('min_samples_leaf', 5), ('min_samples_split', 5), ('n_estimators', 733)])",0.8672201084451607,0.8601765630015976,0.8464217594753539,0.8579394769740375,0.008636984249474072,5
10,0.0056781768798828125,0.0,0.002355337142944336,0.0,86,5,2,1,"OrderedDict([('max_depth', 86), ('min_samples_leaf', 5), ('min_samples_split', 2), ('n_estimators', 1)])",0.8090953997728447,0.8360973218986308,0.7943082674012113,0.8131669963575624,0.017301535442624506,176
11,0.8436192671457926,0.07293596117343167,0.019096851348876953,0.00042502095770044035,27,1,10,317,"OrderedDict([('max_depth', 27), ('min_samples_leaf', 1), ('min_samples_split', 10), ('n_estimators', 317)])",0.8560053212550854,0.8501323931299807,0.8377180127399273,0.8479519090416646,0.007623310581223618,124
12,0.8769806226094564,0.03130123928643062,0.0418088436126709,0.0030853965687421504,1,4,8,848,"OrderedDict([('max_depth', 1), ('min_samples_leaf', 4), ('min_samples_split', 8), ('n_estimators', 848)])",0.612986661111715,0.6364113473649894,0.6063128650909433,0.6185702911892159,0.012906389953095496,200
13,0.906782309214274,0.038398605989449955,0.02272478739420573,0.0010717676210187973,14,5,6,409,"OrderedDict([('max_depth', 14), ('min_samples_leaf', 5), ('min_samples_split', 6), ('n_estimators', 409)])",0.8609955765779376,0.8571755550266849,0.8403162354258558,0.8528291223434928,0.008984334344594357,27
14,0.7124737898508707,0.08018699820144719,0.026961008707682293,0.008025440379248858,1,5,10,714,"OrderedDict([('max_depth', 1), ('min_samples_leaf', 5), ('min_samples_split', 10), ('n_estimators', 714)])",0.6130123210611934,0.6363546640638296,0.6063719006547221,0.6185796285932484,0.012857882414534281,199
15,0.9608031113942465,0.10919259785996403,0.03697737058003744,0.010697746064477247,1,5,3,1000,"OrderedDict([('max_depth', 1), ('min_samples_leaf', 5), ('min_samples_split', 3), ('n_estimators', 1000)])",0.6129806865873424,0.6364617446669227,0.6063174351266416,0.6185866221269689,0.0129290302387278,198
16,1.2501192887624104,0.026544623201126858,0.038867553075154625,0.004588118283420003,5,5,4,720,"OrderedDict([('max_depth', 5), ('min_samples_leaf', 5), ('min_samples_split', 4), ('n_estimators', 720)])",0.8660198520664028,0.8640474973195928,0.8452330530037219,0.8584334674632391,0.00936876912011714,2
17,3.0300525029500327,0.15040944272552792,0.06519659360249837,0.004455790200137651,85,1,6,1000,"OrderedDict([('max_depth', 85), ('min_samples_leaf', 1), ('min_samples_split', 6), ('n_estimators', 1000)])",0.852979149559785,0.8458310464082981,0.8325118810754057,0.8437740256811629,0.008481382375800702,151
18,2.7690797646840415,0.0424339800093157,0.061593214670817055,0.0006577509094386777,87,2,5,1000,"OrderedDict([('max_depth', 87), ('min_samples_leaf', 2), ('min_samples_split', 5), ('n_estimators', 1000)])",0.8544386007351633,0.8523110742756864,0.8341189123314763,0.8469561957807753,0.009118789282837176,134
19,2.9120842615763345,0.026665167204512372,0.07040778795878093,0.009497075920571214,86,1,6,1000,"OrderedDict([('max_depth', 86), ('min_samples_leaf', 1), ('min_samples_split', 6), ('n_estimators', 1000)])",0.852979149559785,0.8458310464082981,0.8325118810754057,0.8437740256811629,0.008481382375800702,151
20,4.063926776250203,0.12456651408194497,0.09491594632466634,0.002352749155348528,70,1,3,1000,"OrderedDict([('max_depth', 70), ('min_samples_leaf', 1), ('min_samples_split', 3), ('n_estimators', 1000)])",0.8480828225840179,0.8414733398563101,0.8272664673866897,0.8389408766090058,0.00868485994895879,165
21,1.3139348030090332,0.18347835599583737,0.031821489334106445,0.000998666036096456,31,3,6,499,"OrderedDict([('max_depth', 31), ('min_samples_leaf', 3), ('min_samples_split', 6), ('n_estimators', 499)])",0.8572841487358509,0.8550202771026455,0.8362231115885553,0.8495091791423506,0.009440020196868088,119
22,1.1363072395324707,0.09435248309742957,0.0278168519337972,0.004457351914103008,39,3,5,416,"OrderedDict([('max_depth', 39), ('min_samples_leaf', 3), ('min_samples_split', 5), ('n_estimators', 416)])",0.8572491547278535,0.8551670447359879,0.8364938230627826,0.8496366741755413,0.009332191490879427,115
23,0.8869929313659668,0.12120554716048415,0.02730083465576172,0.0036376956268994866,29,5,2,391,"OrderedDict([('max_depth', 29), ('min_samples_leaf', 5), ('min_samples_split', 2), ('n_estimators', 391)])",0.8609796308825755,0.8571166222575644,0.8402336423956646,0.8527766318452681,0.009008353425529634,34
24,0.5934842427571615,0.03134306159801233,0.020552635192871094,0.0042612269953636655,4,1,10,422,"OrderedDict([('max_depth', 4), ('min_samples_leaf', 1), ('min_samples_split', 10), ('n_estimators', 422)])",0.8657659503904697,0.8584899060583502,0.8466749360648111,0.856976930837877,0.00786695737495122,7
25,0.25548624992370605,0.042975487686268,0.00919636090596517,0.001551732754228474,36,5,10,109,"OrderedDict([('max_depth', 36), ('min_samples_leaf', 5), ('min_samples_split', 10), ('n_estimators', 109)])",0.8598370457319198,0.8573172223419772,0.8407521175980881,0.8526354618906616,0.008465529365649309,76
26,2.3610575993855796,0.07814684948306028,0.0653997262318929,0.010161620207972356,17,3,8,941,"OrderedDict([('max_depth', 17), ('min_samples_leaf', 3), ('min_samples_split', 8), ('n_estimators', 941)])",0.8582791278495023,0.8552825967059734,0.8375743327244813,0.8503786857599858,0.009136315530778141,109
27,2.2437825997670493,0.08321295571624865,0.06365768114725749,0.010008199595902028,65,5,8,1000,"OrderedDict([('max_depth', 65), ('min_samples_leaf', 5), ('min_samples_split', 8), ('n_estimators', 1000)])",0.8611918495759509,0.8569789459339275,0.8396763093526561,0.8526157016208448,0.009309781360726277,80
28,4.094015916188558,0.2988866985612313,0.08879518508911133,0.008208803747682113,66,1,2,972,"OrderedDict([('max_depth', 66), ('min_samples_leaf', 1), ('min_samples_split', 2), ('n_estimators', 972)])",0.8456512007623705,0.8394256949893757,0.8252741424196948,0.8367836793904804,0.008526089822570405,172
29,0.9097025394439697,0.058596795495395,0.03061962127685547,0.004654938427152942,5,3,10,530,"OrderedDict([('max_depth', 5), ('min_samples_leaf', 3), ('min_samples_split', 10), ('n_estimators', 530)])",0.8649440692464899,0.863857988557911,0.8457923715093242,0.858198143104575,0.00878340364819453,4
30,1.5324892203013103,0.05565711242144226,0.04320152600606283,0.007634098808851609,62,5,6,710,"OrderedDict([('max_depth', 62), ('min_samples_leaf', 5), ('min_samples_split', 6), ('n_estimators', 710)])",0.8612976147140654,0.8572961031354396,0.8397066760799725,0.8527667979764925,0.009378276731981548,36
31,3.918774127960205,0.12827691878158462,0.08527509371439616,0.009940467254018148,96,1,2,944,"OrderedDict([('max_depth', 96), ('min_samples_leaf', 1), ('min_samples_split', 2), ('n_estimators', 944)])",0.845651617213068,0.8393604070020086,0.8253108646408516,0.8367742962853093,0.008503039859575812,173
32,0.004514137903849284,0.000820139173435239,0.0011725425720214844,0.00023722420983684,64,5,8,1,"OrderedDict([('max_depth', 64), ('min_samples_leaf', 5), ('min_samples_split', 8), ('n_estimators', 1)])",0.8090953997728447,0.8360973218986308,0.7943082674012113,0.8131669963575624,0.017301535442624506,176
33,2.143705129623413,0.09807163660959055,0.057958364486694336,0.006449992306688936,60,5,5,1000,"OrderedDict([('max_depth', 60), ('min_samples_leaf', 5), ('min_samples_split', 5), ('n_estimators', 1000)])",0.8611918495759509,0.8569789459339275,0.8396763093526561,0.8526157016208448,0.009309781360726277,80
34,3.219703515370687,0.3365967493054468,0.0703587532043457,0.010305372926477952,61,2,4,977,"OrderedDict([('max_depth', 61), ('min_samples_leaf', 2), ('min_samples_split', 4), ('n_estimators', 977)])",0.8533016998936835,0.8517036971744923,0.83314482940659,0.8460500754915886,0.00914867697387316,142
35,2.578924814860026,0.1333705173867237,0.06533877054850261,0.007900871185973175,11,2,9,1000,"OrderedDict([('max_depth', 11), ('min_samples_leaf', 2), ('min_samples_split', 9), ('n_estimators', 1000)])",0.8572357452460662,0.8542729022428519,0.8376794883821626,0.8497293786236936,0.00860598631922887,113
36,0.0036744276682535806,0.0006252443281013496,0.0013388792673746746,0.00023444886931659988,20,5,4,1,"OrderedDict([('max_depth', 20), ('min_samples_leaf', 5), ('min_samples_split', 4), ('n_estimators', 1)])",0.8090953997728447,0.8360973218986308,0.7943082674012113,0.8131669963575624,0.017301535442624506,176
37,0.004670540491739909,0.0006257077870697118,0.001539786656697591,0.0007595136921794122,59,4,2,1,"OrderedDict([('max_depth', 59), ('min_samples_leaf', 4), ('min_samples_split', 2), ('n_estimators', 1)])",0.7978745903705631,0.8236954007691648,0.7901657593207847,0.8039119168201708,0.014338670252353313,192
38,1.7457791169484456,0.03349704561363638,0.044364372889200844,0.0009180209134585261,55,1,8,783,"OrderedDict([('max_depth', 55), ('min_samples_leaf', 1), ('min_samples_split', 8), ('n_estimators', 783)])",0.8544336346405152,0.8482446019723702,0.835216727594303,0.8459649880690628,0.008009155542952279,144
39,2.0013959407806396,0.017844116846007823,0.05424046516418457,0.00028643132204713275,15,1,8,958,"OrderedDict([('max_depth', 15), ('min_samples_leaf', 1), ('min_samples_split', 8), ('n_estimators', 958)])",0.8544297085055935,0.8483527778514075,0.8349794251899598,0.8459206371823202,0.008124648154034146,145
40,1.093255837758382,0.003965568750677364,0.031479438145955406,0.00043484308503639733,46,2,8,544,"OrderedDict([('max_depth', 46), ('min_samples_leaf', 2), ('min_samples_split', 8), ('n_estimators', 544)])",0.856368584992762,0.8536566580527627,0.8372815501549218,0.8491022644001488,0.008431512354750238,120
41,1.7502663135528564,0.014657540817529043,0.05513246854146322,0.0021251772698251486,63,5,3,1000,"OrderedDict([('max_depth', 63), ('min_samples_leaf', 5), ('min_samples_split', 3), ('n_estimators', 1000)])",0.8611918495759509,0.8569789459339275,0.8396763093526561,0.8526157016208448,0.009309781360726277,80
42,1.4399160544077556,0.0059856696188675205,0.040593226750691734,0.0004751072870738832,49,3,6,699,"OrderedDict([('max_depth', 49), ('min_samples_leaf', 3), ('min_samples_split', 6), ('n_estimators', 699)])",0.857690924766327,0.8549026758059735,0.8362755065108318,0.8496230356943775,0.009506523533708473,116
43,0.0034972826639811196,0.0005790243230648687,0.001041730244954427,0.0008659820172871178,12,5,8,1,"OrderedDict([('max_depth', 12), ('min_samples_leaf', 5), ('min_samples_split', 8), ('n_estimators', 1)])",0.8090953997728447,0.8360973218986308,0.7943082674012113,0.8131669963575624,0.017301535442624506,176
44,0.002996206283569336,0.0,0.0,0.0,16,5,4,1,"OrderedDict([('max_depth', 16), ('min_samples_leaf', 5), ('min_samples_split', 4), ('n_estimators', 1)])",0.8090953997728447,0.8360973218986308,0.7943082674012113,0.8131669963575624,0.017301535442624506,176
45,0.0033331712086995444,0.00047182188791582494,0.0013379255930582683,0.00023950649113790715,52,5,5,1,"OrderedDict([('max_depth', 52), ('min_samples_leaf', 5), ('min_samples_split', 5), ('n_estimators', 1)])",0.8090953997728447,0.8360973218986308,0.7943082674012113,0.8131669963575624,0.017301535442624506,176
46,1.7592782974243164,0.005937133046437828,0.053975582122802734,0.00085100220229938,75,5,8,1000,"OrderedDict([('max_depth', 75), ('min_samples_leaf', 5), ('min_samples_split', 8), ('n_estimators', 1000)])",0.8611918495759509,0.8569789459339275,0.8396763093526561,0.8526157016208448,0.009309781360726277,80
47,2.3997275829315186,0.025368025949570463,0.06301355361938477,0.0014590488911207006,91,1,5,1000,"OrderedDict([('max_depth', 91), ('min_samples_leaf', 1), ('min_samples_split', 5), ('n_estimators', 1000)])",0.8513597412375103,0.8449762001087514,0.8313328047968787,0.8425562487143802,0.008353109974239735,157
48,1.9254621664683025,0.012647759780585884,0.054931084314982094,0.0009140052563259268,10,1,9,977,"OrderedDict([('max_depth', 10), ('min_samples_leaf', 1), ('min_samples_split', 9), ('n_estimators', 977)])",0.8558607082491625,0.8499545019269503,0.8366514851770273,0.8474888984510467,0.008033594593291941,129
49,1.735456943511963,0.003184446145155635,0.05129265785217285,0.0010021480781532495,44,5,6,985,"OrderedDict([('max_depth', 44), ('min_samples_leaf', 5), ('min_samples_split', 6), ('n_estimators', 985)])",0.8611748288631759,0.8569864377908316,0.8397069688323043,0.8526227451621039,0.009291523506034306,78
50,2.570361534754435,0.014082331659062931,0.0689376990000407,0.0014589932735978473,37,1,4,1000,"OrderedDict([('max_depth', 37), ('min_samples_leaf', 1), ('min_samples_split', 4), ('n_estimators', 1000)])",0.8498149278394571,0.8433746829193295,0.8293453560874601,0.8408449889487488,0.008545968079202913,162
51,3.193729559580485,0.015170108904952436,0.0770559310913086,2.0306209897868714e-05,81,1,2,1000,"OrderedDict([('max_depth', 81), ('min_samples_leaf', 1), ('min_samples_split', 2), ('n_estimators', 1000)])",0.8456557998944598,0.839404276690837,0.8254160255773689,0.8368253673875552,0.008461686041509214,171
52,1.8880401452382405,0.009706283145697357,0.057221412658691406,0.0018832718726846213,13,4,8,1000,"OrderedDict([('max_depth', 13), ('min_samples_leaf', 4), ('min_samples_split', 8), ('n_estimators', 1000)])",0.8597138868705378,0.8563213115713565,0.8382743301522579,0.8514365095313842,0.009409556004274736,102
53,2.4323275883992515,0.017428297460612883,0.06292176246643066,0.0025006971201819036,100,1,5,1000,"OrderedDict([('max_depth', 100), ('min_samples_leaf', 1), ('min_samples_split', 5), ('n_estimators', 1000)])",0.8513597412375103,0.8449762001087514,0.8313328047968787,0.8425562487143802,0.008353109974239735,157
54,0.0010048548380533855,0.0007105396700956588,0.003966569900512695,0.0,44,5,3,1,"OrderedDict([('max_depth', 44), ('min_samples_leaf', 5), ('min_samples_split', 3), ('n_estimators', 1)])",0.8090953997728447,0.8360973218986308,0.7943082674012113,0.8131669963575624,0.017301535442624506,176
55,1.9558579921722412,0.01045914465647685,0.056142965952555336,0.0007181741022590276,41,2,9,1000,"OrderedDict([('max_depth', 41), ('min_samples_leaf', 2), ('min_samples_split', 9), ('n_estimators', 1000)])",0.8570580091756304,0.8541490621123689,0.837551177662611,0.8495860829835368,0.008592427007427308,117
56,2.9300448099772134,0.0054390999986114385,0.07232499122619629,0.0008045050737432475,47,1,3,1000,"OrderedDict([('max_depth', 47), ('min_samples_leaf', 1), ('min_samples_split', 3), ('n_estimators', 1000)])",0.8480828225840179,0.8414733398563101,0.8272664673866897,0.8389408766090058,0.00868485994895879,165
57,1.8835194110870361,0.006352742179961777,0.055397351582845054,0.0006533894497421868,24,4,3,1000,"OrderedDict([('max_depth', 24), ('min_samples_leaf', 4), ('min_samples_split', 3), ('n_estimators', 1000)])",0.8597096980238549,0.8563140939967561,0.8382811744563035,0.8514349888256382,0.009403887707552978,103
58,0.004048506418863933,0.000715260117128879,0.0011768341064453125,0.0002407427986942267,93,5,8,1,"OrderedDict([('max_depth', 93), ('min_samples_leaf', 5), ('min_samples_split', 8), ('n_estimators', 1)])",0.8090953997728447,0.8360973218986308,0.7943082674012113,0.8131669963575624,0.017301535442624506,176
59,0.0038595199584960938,9.103719278353111e-05,0.0012249151865641277,0.00030975123865606386,25,5,10,1,"OrderedDict([('max_depth', 25), ('min_samples_leaf', 5), ('min_samples_split', 10), ('n_estimators', 1)])",0.8090953997728447,0.8360973218986308,0.7943082674012113,0.8131669963575624,0.017301535442624506,176
60,2.1121033827463784,0.02208523074683699,0.057197014490763344,0.001218116419516563,28,1,8,1000,"OrderedDict([('max_depth', 28), ('min_samples_leaf', 1), ('min_samples_split', 8), ('n_estimators', 1000)])",0.854504688661467,0.848324241271281,0.83489069589506,0.8459065419426026,0.008187841823626254,146
61,0.003998994827270508,3.371747880871523e-07,0.00099945068359375,3.371747880871523e-07,71,5,2,1,"OrderedDict([('max_depth', 71), ('min_samples_leaf', 5), ('min_samples_split', 2), ('n_estimators', 1)])",0.8090953997728447,0.8360973218986308,0.7943082674012113,0.8131669963575624,0.017301535442624506,176
62,0.004113833109537761,0.00015550720711943257,0.0005565484364827474,0.000568496768637039,33,4,3,1,"OrderedDict([('max_depth', 33), ('min_samples_leaf', 4), ('min_samples_split', 3), ('n_estimators', 1)])",0.7978745903705631,0.8236954007691648,0.7901657593207847,0.8039119168201708,0.014338670252353313,192
63,0.003690322240193685,0.0010977287184157386,0.0,0.0,79,5,8,1,"OrderedDict([('max_depth', 79), ('min_samples_leaf', 5), ('min_samples_split', 8), ('n_estimators', 1)])",0.8090953997728447,0.8360973218986308,0.7943082674012113,0.8131669963575624,0.017301535442624506,176
64,1.7638788223266602,0.01712069493535628,0.05408104260762533,8.332364559905775e-05,35,5,9,1000,"OrderedDict([('max_depth', 35), ('min_samples_leaf', 5), ('min_samples_split', 9), ('n_estimators', 1000)])",0.8611918495759509,0.8569789459339275,0.8396763093526561,0.8526157016208448,0.009309781360726277,80
65,0.46187901496887207,0.0025436466013294768,0.01058340072631836,0.0012873333409167474,74,1,3,163,"OrderedDict([('max_depth', 74), ('min_samples_leaf', 1), ('min_samples_split', 3), ('n_estimators', 163)])",0.8474255485876513,0.8427736077189012,0.8275325735930101,0.8392439099665209,0.008496143760621584,163
66,1.7651872634887695,0.0033029644306195737,0.05347442626953125,0.000667921809110118,73,5,8,1000,"OrderedDict([('max_depth', 73), ('min_samples_leaf', 5), ('min_samples_split', 8), ('n_estimators', 1000)])",0.8611918495759509,0.8569789459339275,0.8396763093526561,0.8526157016208448,0.009309781360726277,80
67,2.0188178221384683,0.004259728242178194,0.054520765940348305,0.0014600105208602441,30,1,9,1000,"OrderedDict([('max_depth', 30), ('min_samples_leaf', 1), ('min_samples_split', 9), ('n_estimators', 1000)])",0.8551076120552685,0.8491890609172899,0.8360162873175028,0.8467709867633536,0.007979347593262544,136
68,0.004920244216918945,0.0,0.001007080078125,0.0007121131524400656,40,1,9,1,"OrderedDict([('max_depth', 40), ('min_samples_leaf', 1), ('min_samples_split', 9), ('n_estimators', 1)])",0.7738070316813449,0.7988244926340341,0.7952837899628489,0.7893051047594093,0.011053712670447058,196
69,0.005783478418986003,0.001054233170752496,0.001998265584309896,0.0007256671301623422,8,5,9,1,"OrderedDict([('max_depth', 8), ('min_samples_leaf', 5), ('min_samples_split', 9), ('n_estimators', 1)])",0.8119393196332132,0.8414138782231102,0.7968955330094796,0.8167495769552676,0.018490081967878186,175
70,1.8845223585764568,0.006113841635001066,0.056302150090535484,0.001292125795364162,42,4,8,1000,"OrderedDict([('max_depth', 42), ('min_samples_leaf', 4), ('min_samples_split', 8), ('n_estimators', 1000)])",0.8597096980238549,0.8563140939967561,0.8382811744563035,0.8514349888256382,0.009403887707552978,103
71,0.3849589029947917,0.0030632499064022585,0.012765645980834961,0.0014357641396845703,89,1,8,183,"OrderedDict([('max_depth', 89), ('min_samples_leaf', 1), ('min_samples_split', 8), ('n_estimators', 183)])",0.8540753908083377,0.8493532646957493,0.836124951638664,0.8465178690475836,0.007597550831562634,137
72,1.7531812985738118,0.0017231406787841345,0.05495285987854004,0.001667128419270255,39,5,7,1000,"OrderedDict([('max_depth', 39), ('min_samples_leaf', 5), ('min_samples_split', 7), ('n_estimators', 1000)])",0.8611918495759509,0.8569789459339275,0.8396763093526561,0.8526157016208448,0.009309781360726277,80
73,0.747927188873291,0.00342023830039125,0.022449652353922527,0.0005331962148654274,38,3,7,372,"OrderedDict([('max_depth', 38), ('min_samples_leaf', 3), ('min_samples_split', 7), ('n_estimators', 372)])",0.8575818662625351,0.8553705758183027,0.8371238213237295,0.8500254211348558,0.009167366383792298,111
74,2.1681551138559976,0.007326787933066116,0.06008275349934896,0.002573719261943411,89,2,6,1000,"OrderedDict([('max_depth', 89), ('min_samples_leaf', 2), ('min_samples_split', 6), ('n_estimators', 1000)])",0.8552122705195244,0.8526798760346176,0.8351392819648261,0.847677142839656,0.00892568286628498,125
75,2.3988265991210938,0.0028538031544913904,0.06257669130961101,0.00042276422663755893,23,1,5,1000,"OrderedDict([('max_depth', 23), ('min_samples_leaf', 1), ('min_samples_split', 5), ('n_estimators', 1000)])",0.8513597412375103,0.8449762001087514,0.8313328047968787,0.8425562487143802,0.008353109974239735,157
76,0.003847042719523112,0.00047024643778554833,0.0009992122650146484,2.3602235166100658e-06,48,4,9,1,"OrderedDict([('max_depth', 48), ('min_samples_leaf', 4), ('min_samples_split', 9), ('n_estimators', 1)])",0.7992405808694404,0.8235499749411972,0.7921700697333911,0.8049868751813429,0.01343973056406455,191
77,2.2741994857788086,0.012588485769843059,0.0601662794748942,0.00016759558039291302,45,1,6,1000,"OrderedDict([('max_depth', 45), ('min_samples_leaf', 1), ('min_samples_split', 6), ('n_estimators', 1000)])",0.852979149559785,0.8458310464082981,0.8325118810754057,0.8437740256811629,0.008481382375800702,151
78,2.3672792116800943,0.015406343297492311,0.06379262606302898,0.0020178038944939983,50,2,3,1000,"OrderedDict([('max_depth', 50), ('min_samples_leaf', 2), ('min_samples_split', 3), ('n_estimators', 1000)])",0.8532519463318776,0.8516790060989218,0.8331315977230764,0.8460208500512919,0.009136671692668671,143
79,1.885515530904134,0.0094356112457468,0.05680529276529948,0.002689055586697316,98,4,7,1000,"OrderedDict([('max_depth', 98), ('min_samples_leaf', 4), ('min_samples_split', 7), ('n_estimators', 1000)])",0.8597096980238549,0.8563140939967561,0.8382811744563035,0.8514349888256382,0.009403887707552978,103
80,0.003976106643676758,0.0006480499427035067,0.0,0.0,97,1,4,1,"OrderedDict([('max_depth', 97), ('min_samples_leaf', 1), ('min_samples_split', 4), ('n_estimators', 1)])",0.7399971488938506,0.7559009620834845,0.7705634224982278,0.7554871778251876,0.012482058686336507,197
81,0.07640981674194336,0.00023905692475379095,0.00564122200012207,0.00047474210162671036,100,5,10,44,"OrderedDict([('max_depth', 100), ('min_samples_leaf', 5), ('min_samples_split', 10), ('n_estimators', 44)])",0.8609646114958571,0.8570912841722433,0.8395973723448125,0.8525510893376377,0.009295151212204462,99
82,1.9596982796986897,0.004355645047148036,0.05491757392883301,0.0006356658728542383,32,2,9,1000,"OrderedDict([('max_depth', 32), ('min_samples_leaf', 2), ('min_samples_split', 9), ('n_estimators', 1000)])",0.8570580091756304,0.8541490621123689,0.837551177662611,0.8495860829835368,0.008592427007427308,117
83,2.102064371109009,0.017934664153143716,0.058363755544026695,0.0005826246459658503,26,2,7,1000,"OrderedDict([('max_depth', 26), ('min_samples_leaf', 2), ('min_samples_split', 7), ('n_estimators', 1000)])",0.8560307089588471,0.8533008213616913,0.8359448626561814,0.8484254643255733,0.008895209763155177,121
84,2.2603696982065835,0.01552621583357943,0.06098262468973795,0.0010329357627824674,58,2,5,1000,"OrderedDict([('max_depth', 58), ('min_samples_leaf', 2), ('min_samples_split', 5), ('n_estimators', 1000)])",0.8544386007351633,0.8523110742756864,0.8341189123314763,0.8469561957807753,0.009118789282837176,134
85,1.4085532029469807,0.005459004018397818,0.037281036376953125,0.0014847641135536272,43,1,7,644,"OrderedDict([('max_depth', 43), ('min_samples_leaf', 1), ('min_samples_split', 7), ('n_estimators', 644)])",0.8543856096095088,0.8475227111234211,0.8343131328355494,0.8454071511894932,0.008329977044218713,147
86,1.7653138637542725,0.012474070308644149,0.05336435635884603,0.0002330592796639478,56,5,8,1000,"OrderedDict([('max_depth', 56), ('min_samples_leaf', 5), ('min_samples_split', 8), ('n_estimators', 1000)])",0.8611918495759509,0.8569789459339275,0.8396763093526561,0.8526157016208448,0.009309781360726277,80
87,1.6889189879099529,0.009572117613387872,0.05203652381896973,0.0009192342846718887,23,5,8,959,"OrderedDict([('max_depth', 23), ('min_samples_leaf', 5), ('min_samples_split', 8), ('n_estimators', 959)])",0.8611887161740314,0.8570259263797266,0.8396995416421396,0.8526380613986325,0.009305416875303004,75
88,1.8835666179656982,0.010946736944194221,0.055836757024129234,0.0005448992976581904,19,4,6,1000,"OrderedDict([('max_depth', 19), ('min_samples_leaf', 4), ('min_samples_split', 6), ('n_estimators', 1000)])",0.8597096980238549,0.8563140939967561,0.8382811744563035,0.8514349888256382,0.009403887707552978,103
89,0.5249600410461426,0.0036967133828377805,0.015575488408406576,0.0009312950420548485,83,1,9,258,"OrderedDict([('max_depth', 83), ('min_samples_leaf', 1), ('min_samples_split', 9), ('n_estimators', 258)])",0.8549961889139137,0.8499671504411319,0.8366059451706224,0.847189761508556,0.00776039875249174,132
90,0.8808101018269857,0.0004478805101757673,0.02956223487854004,0.000631912720800125,4,1,9,747,"OrderedDict([('max_depth', 4), ('min_samples_leaf', 1), ('min_samples_split', 9), ('n_estimators', 747)])",0.8657909717935224,0.8584253921339295,0.8465659165019441,0.8569274268097987,0.007919748010523404,8
91,1.751749038696289,0.007408310568753579,0.05172173182169596,0.0025156708954626322,83,5,7,1000,"OrderedDict([('max_depth', 83), ('min_samples_leaf', 5), ('min_samples_split', 7), ('n_estimators', 1000)])",0.8611918495759509,0.8569789459339275,0.8396763093526561,0.8526157016208448,0.009309781360726277,80
92,1.7563247680664062,0.010542193708793291,0.055953025817871094,0.0016336118482822527,94,5,6,1000,"OrderedDict([('max_depth', 94), ('min_samples_leaf', 5), ('min_samples_split', 6), ('n_estimators', 1000)])",0.8611918495759509,0.8569789459339275,0.8396763093526561,0.8526157016208448,0.009309781360726277,80
93,1.7643338044484456,0.009573244262600646,0.0536042054494222,0.0005718827777598808,21,5,7,1000,"OrderedDict([('max_depth', 21), ('min_samples_leaf', 5), ('min_samples_split', 7), ('n_estimators', 1000)])",0.8611918495759509,0.8569789459339275,0.8396763093526561,0.8526157016208448,0.009309781360726277,80
94,0.0044438838958740234,0.0019053747274804973,0.0004907449086507162,0.0006940181054793884,5,3,8,1,"OrderedDict([('max_depth', 5), ('min_samples_leaf', 3), ('min_samples_split', 8), ('n_estimators', 1)])",0.8134490530132973,0.8490548055074904,0.8015080077796151,0.8213372887668009,0.020196413724900292,174
95,0.9130481084187826,0.0024591083882980615,0.029596805572509766,0.0028510163538331985,36,5,2,523,"OrderedDict([('max_depth', 36), ('min_samples_leaf', 5), ('min_samples_split', 2), ('n_estimators', 523)])",0.861128090746848,0.8570339841324475,0.8400582096616407,0.8527400948469787,0.009121881609006337,44
96,0.8055780728658041,0.002149863266059828,0.024435997009277344,0.0010876633802818878,99,5,8,458,"OrderedDict([('max_depth', 99), ('min_samples_leaf', 5), ('min_samples_split', 8), ('n_estimators', 458)])",0.8610474388085209,0.8571263361910341,0.8401905134750105,0.8527880961581884,0.009050527738898051,32
97,0.009320815404256185,0.00023928170794584904,0.0008428096771240234,0.00023703387602526802,29,1,10,1,"OrderedDict([('max_depth', 29), ('min_samples_leaf', 1), ('min_samples_split', 10), ('n_estimators', 1)])",0.7808068094934941,0.8099561149195769,0.79046635876138,0.7937430943914837,0.012123620168853776,195
98,1.0927376747131348,0.001393071780458585,0.03475069999694824,0.002484271743967405,28,5,2,623,"OrderedDict([('max_depth', 28), ('min_samples_leaf', 5), ('min_samples_split', 2), ('n_estimators', 623)])",0.8611819726228946,0.8571314076022614,0.8398219601987883,0.8527117801413148,0.00926327382227469,67
99,1.7626393636067708,0.005287716393529839,0.05420295397440592,0.0012656925132434691,53,5,3,1000,"OrderedDict([('max_depth', 53), ('min_samples_leaf', 5), ('min_samples_split', 3), ('n_estimators', 1000)])",0.8611918495759509,0.8569789459339275,0.8396763093526561,0.8526157016208448,0.009309781360726277,80
100,1.083655834197998,0.0022070878114759636,0.03425391515096029,0.0004145077486353271,75,5,8,620,"OrderedDict([('max_depth', 75), ('min_samples_leaf', 5), ('min_samples_split', 8), ('n_estimators', 620)])",0.8612060375688456,0.8571454403840872,0.839812869674009,0.8527214492089806,0.009277057061454801,60
101,1.1254925727844238,0.0010817742379919514,0.03529993693033854,0.0010131863258752186,41,5,2,639,"OrderedDict([('max_depth', 41), ('min_samples_leaf', 5), ('min_samples_split', 2), ('n_estimators', 639)])",0.8611822317692026,0.857136092750599,0.8398818706267008,0.8527333983821676,0.009236310030764949,50
102,1.6993037064870198,0.01247529742296533,0.04993605613708496,0.004071551655670225,7,1,8,1000,"OrderedDict([('max_depth', 7), ('min_samples_leaf', 1), ('min_samples_split', 8), ('n_estimators', 1000)])",0.8596129893972256,0.8559819638199655,0.840351274612178,0.851982075943123,0.008356743440105306,100
103,0.7253727118174235,0.0041049026153120605,0.02350894610087077,0.002206932360617505,91,5,3,415,"OrderedDict([('max_depth', 91), ('min_samples_leaf', 5), ('min_samples_split', 3), ('n_estimators', 415)])",0.8609981654511079,0.8571882671703248,0.8402732791230214,0.852819903914818,0.00900711483502801,28
104,1.1361300945281982,0.008669278586720714,0.03266096115112305,0.002069122668202323,30,5,4,647,"OrderedDict([('max_depth', 30), ('min_samples_leaf', 5), ('min_samples_split', 4), ('n_estimators', 647)])",0.8612307434919656,0.8570827449152844,0.8398328120089623,0.8527154334720707,0.00926545285345313,64
105,1.1188267866770427,0.006872140018758996,0.035477081934611,0.0023329017460646303,25,5,7,634,"OrderedDict([('max_depth', 25), ('min_samples_leaf', 5), ('min_samples_split', 7), ('n_estimators', 634)])",0.8611246478077166,0.8571618410216622,0.8398870551266788,0.8527245146520191,0.009220492926247261,56
106,0.6419245402018229,0.0012527168654681384,0.020929416020711262,0.0002618697415951285,66,5,10,366,"OrderedDict([('max_depth', 66), ('min_samples_leaf', 5), ('min_samples_split', 10), ('n_estimators', 366)])",0.8610185029173061,0.8569322041310481,0.8402599255679517,0.8527368775387686,0.00897887176669755,49
107,1.315289815266927,0.007569798775748627,0.03999209403991699,0.002243561039931911,64,5,8,720,"OrderedDict([('max_depth', 64), ('min_samples_leaf', 5), ('min_samples_split', 8), ('n_estimators', 720)])",0.8612313289099267,0.8572348078110281,0.8396990148350904,0.8527217171853484,0.009351867107733001,59
108,0.9066757361094157,0.0004749668848187685,0.025205373764038086,0.0,68,5,9,517,"OrderedDict([('max_depth', 68), ('min_samples_leaf', 5), ('min_samples_split', 9), ('n_estimators', 517)])",0.861086926804898,0.8570975892454946,0.8400075615985247,0.8527306925496392,0.009142838707247683,51
109,1.1080914338429768,0.01301804536763001,0.03315099080403646,0.0012407162714235225,84,5,4,623,"OrderedDict([('max_depth', 84), ('min_samples_leaf', 5), ('min_samples_split', 4), ('n_estimators', 623)])",0.8611819726228946,0.8571314076022614,0.8398219601987883,0.8527117801413148,0.00926327382227469,67
110,1.3479073842366536,0.006560871946357159,0.04495112101236979,0.0017860715389457498,5,1,10,1000,"OrderedDict([('max_depth', 5), ('min_samples_leaf', 1), ('min_samples_split', 10), ('n_estimators', 1000)])",0.8634642072257169,0.8608268986325899,0.8457189720470897,0.8566700259684655,0.00781805754415191,14
111,1.0594948927561443,0.001634919165912193,0.032546679178873696,0.00023952199656243866,89,5,4,602,"OrderedDict([('max_depth', 89), ('min_samples_leaf', 5), ('min_samples_split', 4), ('n_estimators', 602)])",0.8612027631174004,0.8570876813027664,0.839952536061635,0.8527476601606007,0.009202169132555301,41
112,1.8082708517710369,0.015201740925441845,0.0437935988108317,0.0017772093013768964,13,1,3,651,"OrderedDict([('max_depth', 13), ('min_samples_leaf', 1), ('min_samples_split', 3), ('n_estimators', 651)])",0.8480241911249958,0.8413878009459482,0.8274631633872884,0.8389583851527442,0.008567983474536479,164
113,1.1998176574707031,0.0,0.039546807607014976,0.002526756549358461,39,5,3,684,"OrderedDict([('max_depth', 39), ('min_samples_leaf', 5), ('min_samples_split', 3), ('n_estimators', 684)])",0.8612340512978318,0.8572657489310416,0.8397785560315264,0.8527594520867999,0.009320751139864573,39
114,0.004097461700439453,0.0004956512200542316,0.0012389024098714192,0.0005154278593892267,55,5,9,1,"OrderedDict([('max_depth', 55), ('min_samples_leaf', 5), ('min_samples_split', 9), ('n_estimators', 1)])",0.8090953997728447,0.8360973218986308,0.7943082674012113,0.8131669963575624,0.017301535442624506,176
115,0.950917641321818,0.0018879761998404224,0.030292510986328125,5.784619771664252e-06,22,5,10,542,"OrderedDict([('max_depth', 22), ('min_samples_leaf', 5), ('min_samples_split', 10), ('n_estimators', 542)])",0.8610336757350845,0.8570080719997224,0.8399750273529601,0.8526722583625891,0.009127472371635387,72
116,1.2384523550669353,0.00330916022545114,0.03651102383931478,0.000638270666612874,51,5,9,704,"OrderedDict([('max_depth', 51), ('min_samples_leaf', 5), ('min_samples_split', 9), ('n_estimators', 704)])",0.8612762705468344,0.8572811874810924,0.8397224396073575,0.8527599658784281,0.009362086328277723,38
117,0.004619042078653972,0.0011950545291029464,0.0013339519500732422,0.0004725505557221485,91,2,9,1,"OrderedDict([('max_depth', 91), ('min_samples_leaf', 2), ('min_samples_split', 9), ('n_estimators', 1)])",0.7836537220295278,0.8230516989457795,0.7951857333891741,0.8006303847881604,0.016538506944214326,194
118,1.191813548405965,0.008570673489811106,0.03675961494445801,0.00039596730075980026,92,5,3,673,"OrderedDict([('max_depth', 92), ('min_samples_leaf', 5), ('min_samples_split', 3), ('n_estimators', 673)])",0.8611919632484675,0.8573124430614427,0.8397967505296479,0.8527670522798526,0.009307137577827312,35
119,2.3443084557851157,0.022111815021845286,0.05858182907104492,0.0020158967757407634,74,1,2,732,"OrderedDict([('max_depth', 74), ('min_samples_leaf', 1), ('min_samples_split', 2), ('n_estimators', 732)])",0.8456057923405018,0.8394954886622912,0.8255241603503393,0.8368751471177108,0.008405063085417446,170
120,0.7464652061462402,0.0009467868049487235,0.024862130482991535,0.0004895854682065169,4,1,2,636,"OrderedDict([('max_depth', 4), ('min_samples_leaf', 1), ('min_samples_split', 2), ('n_estimators', 636)])",0.8656634972835795,0.8584863001561032,0.8465435855743035,0.8568977943379954,0.007886075026832579,9
121,1.3061553637186687,0.005293944695031856,0.039731899897257485,0.000501326049540564,72,5,10,734,"OrderedDict([('max_depth', 72), ('min_samples_leaf', 5), ('min_samples_split', 10), ('n_estimators', 734)])",0.8611937356582585,0.8572292637481411,0.8398098095494002,0.8527442696519333,0.009288144880780102,43
122,1.7598713239034016,0.002298686047998205,0.0542902946472168,0.0006901771896660142,78,5,7,1000,"OrderedDict([('max_depth', 78), ('min_samples_leaf', 5), ('min_samples_split', 7), ('n_estimators', 1000)])",0.8611918495759509,0.8569789459339275,0.8396763093526561,0.8526157016208448,0.009309781360726277,80
123,1.1895004113515217,0.00869161180845419,0.03262098630269369,0.0002327722752312174,88,1,7,546,"OrderedDict([('max_depth', 88), ('min_samples_leaf', 1), ('min_samples_split', 7), ('n_estimators', 546)])",0.854237471105421,0.8474607746860998,0.834142510039308,0.8452802519436097,0.00834736983067273,148
124,0.5604579448699951,0.002449506873563189,0.016636053721110027,0.000407444462523649,67,1,8,265,"OrderedDict([('max_depth', 67), ('min_samples_leaf', 1), ('min_samples_split', 8), ('n_estimators', 265)])",0.8545294703836048,0.8492451361611402,0.8351188889962586,0.8462978318470012,0.008193803328890444,139
125,1.134161392847697,0.009664897951456293,0.035379886627197266,2.265854715445847e-05,15,5,10,641,"OrderedDict([('max_depth', 15), ('min_samples_leaf', 5), ('min_samples_split', 10), ('n_estimators', 641)])",0.8612011430200506,0.8571253996968482,0.8398592802751292,0.8527286076640094,0.009250859833579138,52
126,1.7825407187143962,0.015189731284036688,0.05400005976359049,0.0005904899471011711,77,5,10,1000,"OrderedDict([('max_depth', 77), ('min_samples_leaf', 5), ('min_samples_split', 10), ('n_estimators', 1000)])",0.8611918495759509,0.8569789459339275,0.8396763093526561,0.8526157016208448,0.009309781360726277,80
127,1.657162348429362,0.00305960674870946,0.05060950915018717,0.00012221323858281085,8,5,4,1000,"OrderedDict([('max_depth', 8), ('min_samples_leaf', 5), ('min_samples_split', 4), ('n_estimators', 1000)])",0.86215959311015,0.8581670927518541,0.8404062568743632,0.8535776475787892,0.009455127871309685,18
128,1.0277504920959473,0.007363512536339347,0.03202048937479655,0.0005630224779721324,82,5,9,582,"OrderedDict([('max_depth', 82), ('min_samples_leaf', 5), ('min_samples_split', 9), ('n_estimators', 582)])",0.8611076130078317,0.8570098761688028,0.8398583891946466,0.8526586261237603,0.009204434108318624,74
129,1.1649948755900066,0.0034683954592581836,0.03626314798990885,0.00018916400449338838,20,5,2,664,"OrderedDict([('max_depth', 20), ('min_samples_leaf', 5), ('min_samples_split', 2), ('n_estimators', 664)])",0.861217094462269,0.8572395291287109,0.839798201930367,0.8527516085071157,0.009302269004660342,40
130,0.9230500062306722,0.01242761508227487,0.02360677719116211,0.00021651137595696967,100,1,4,355,"OrderedDict([('max_depth', 100), ('min_samples_leaf', 1), ('min_samples_split', 4), ('n_estimators', 355)])",0.8499601402112913,0.8443842177480984,0.8295634197814985,0.841302592580296,0.008607317093764123,161
131,1.3635543982187908,0.008437752222831763,0.03873117764790853,0.0004267795716595429,83,1,10,690,"OrderedDict([('max_depth', 83), ('min_samples_leaf', 1), ('min_samples_split', 10), ('n_estimators', 690)])",0.8557459021997202,0.8500777084810257,0.8371430242290913,0.8476555449699458,0.0077853248381526,126
132,2.397509813308716,0.011491057446378388,0.06292581558227539,0.0004643289002484484,52,1,5,1000,"OrderedDict([('max_depth', 52), ('min_samples_leaf', 1), ('min_samples_split', 5), ('n_estimators', 1000)])",0.8513597412375103,0.8449762001087514,0.8313328047968787,0.8425562487143802,0.008353109974239735,157
133,1.1703039805094402,0.00555634878085645,0.03613853454589844,0.0005172310704253415,59,5,10,667,"OrderedDict([('max_depth', 59), ('min_samples_leaf', 5), ('min_samples_split', 10), ('n_estimators', 667)])",0.861217788531403,0.8572437309167422,0.839820341738212,0.8527606203954523,0.009292878717112178,37
134,1.0924551486968994,0.002030803748648918,0.033761024475097656,0.0003179558251661846,53,5,9,621,"OrderedDict([('max_depth', 53), ('min_samples_leaf', 5), ('min_samples_split', 9), ('n_estimators', 621)])",0.8612090974252473,0.8571430381411114,0.8398194576591851,0.8527238644085147,0.009274552808253799,57
135,1.210280418395996,0.0038286150864708063,0.03430978457132975,0.0010619811968605008,29,1,9,588,"OrderedDict([('max_depth', 29), ('min_samples_leaf', 1), ('min_samples_split', 9), ('n_estimators', 588)])",0.8552588693292076,0.8491889011562828,0.8367161714710423,0.8470546473188442,0.007718989162956854,133
136,1.3137704531351726,0.009693263110022903,0.04033851623535156,0.00017068683418571716,45,5,9,745,"OrderedDict([('max_depth', 45), ('min_samples_leaf', 5), ('min_samples_split', 9), ('n_estimators', 745)])",0.8611686779414691,0.85717139730568,0.8397797886071451,0.8527066212847648,0.009285178706831486,70
137,0.8968912760416666,0.001915602362719141,0.028824408849080402,4.001140818634207e-05,5,1,10,664,"OrderedDict([('max_depth', 5), ('min_samples_leaf', 1), ('min_samples_split', 10), ('n_estimators', 664)])",0.8636211029171874,0.8607212410370652,0.8458802664434374,0.8567408701325633,0.0077703210615837634,12
138,0.0037081241607666016,0.0004957306899111547,0.0009996096293131511,2.247831920581015e-07,67,5,10,1,"OrderedDict([('max_depth', 67), ('min_samples_leaf', 5), ('min_samples_split', 10), ('n_estimators', 1)])",0.8090953997728447,0.8360973218986308,0.7943082674012113,0.8131669963575624,0.017301535442624506,176
139,1.1339975992838542,0.006271428599196381,0.02878562609354655,0.000495454013005711,69,1,2,354,"OrderedDict([('max_depth', 69), ('min_samples_leaf', 1), ('min_samples_split', 2), ('n_estimators', 354)])",0.845651127481623,0.8397875113183151,0.8254888688723622,0.8369758358907667,0.008467912260964413,169
140,0.8586872418721517,0.0018966469585270152,0.027913331985473633,0.00024420355877256995,67,5,2,493,"OrderedDict([('max_depth', 67), ('min_samples_leaf', 5), ('min_samples_split', 2), ('n_estimators', 493)])",0.8610509623896245,0.8572047329316856,0.8401033668139521,0.8527863540450875,0.009104650609794054,33
141,1.0801506042480469,0.003358770037718066,0.03358626365661621,3.0275091764092843e-05,90,5,10,614,"OrderedDict([('max_depth', 90), ('min_samples_leaf', 5), ('min_samples_split', 10), ('n_estimators', 614)])",0.8611929047678774,0.8571423408680958,0.8398428943322321,0.8527260466560684,0.009258634792305319,54
142,1.0941097736358643,0.007842026561720214,0.03375991185506185,0.0008624772317722041,18,5,10,623,"OrderedDict([('max_depth', 18), ('min_samples_leaf', 5), ('min_samples_split', 10), ('n_estimators', 623)])",0.8611819726228946,0.8571314076022614,0.8398219601987883,0.8527117801413148,0.00926327382227469,67
143,1.759297529856364,0.00725537909758061,0.05329608917236328,0.00067408374575206,33,5,3,1000,"OrderedDict([('max_depth', 33), ('min_samples_leaf', 5), ('min_samples_split', 3), ('n_estimators', 1000)])",0.8611918495759509,0.8569789459339275,0.8396763093526561,0.8526157016208448,0.009309781360726277,80
144,1.0828734238942463,0.007430881409074107,0.03394468625386556,0.0005632415884245067,27,5,5,615,"OrderedDict([('max_depth', 27), ('min_samples_leaf', 5), ('min_samples_split', 5), ('n_estimators', 615)])",0.8612139477055176,0.8571447041230414,0.8398164086044413,0.8527250201443334,0.009277710735925421,55
145,0.6825289726257324,0.003069828987427578,0.02209917704264323,0.000198160153363175,76,5,10,386,"OrderedDict([('max_depth', 76), ('min_samples_leaf', 5), ('min_samples_split', 10), ('n_estimators', 386)])",0.8609850635175234,0.857039847715193,0.8401902760873918,0.8527383957733695,0.00901785867679435,48
146,1.096087376276652,0.002438630994795155,0.03442819913228353,0.00040518521850978087,65,5,2,625,"OrderedDict([('max_depth', 65), ('min_samples_leaf', 5), ('min_samples_split', 2), ('n_estimators', 625)])",0.8611747217391693,0.8571583415735523,0.8398111416588901,0.8527147349905372,0.00927037820372273,65
147,1.2638390858968098,0.002378206171974714,0.039113918940226235,0.00018971701409703766,32,5,8,714,"OrderedDict([('max_depth', 32), ('min_samples_leaf', 5), ('min_samples_split', 8), ('n_estimators', 714)])",0.8612800003138872,0.8572344396598318,0.8397009091853485,0.8527384497196892,0.009365708289280378,47
148,1.0394960244496663,0.0016549348121130808,0.03238383928934733,0.0004384471357081511,9,5,9,607,"OrderedDict([('max_depth', 9), ('min_samples_leaf', 5), ('min_samples_split', 9), ('n_estimators', 607)])",0.8616538295090709,0.8574500932331195,0.8401333090142433,0.8530790772521445,0.009313521930380826,20
149,1.1850364208221436,0.004185248202402264,0.03661410013834635,0.0004542340663203042,11,5,6,679,"OrderedDict([('max_depth', 11), ('min_samples_leaf', 5), ('min_samples_split', 6), ('n_estimators', 679)])",0.8612417397810237,0.8573678848596626,0.8397981604496503,0.8528025950301122,0.009330529711867876,30
150,1.4847325483957927,0.01720989611862638,0.04691457748413086,0.0002011894017816095,6,5,7,1000,"OrderedDict([('max_depth', 6), ('min_samples_leaf', 5), ('min_samples_split', 7), ('n_estimators', 1000)])",0.8644142450339629,0.8621311418990163,0.8435255891842558,0.8566903253724116,0.009355420858482935,13
151,0.6168069044748942,0.003789444108549523,0.018982330958048504,0.00011008233299804904,36,1,10,313,"OrderedDict([('max_depth', 36), ('min_samples_leaf', 1), ('min_samples_split', 10), ('n_estimators', 313)])",0.8559810645327192,0.8502117954518574,0.8378421529080928,0.848011670964223,0.007566832871257613,123
152,1.1499614715576172,0.005695639010358524,0.0363011360168457,0.0004081918717083796,47,5,10,653,"OrderedDict([('max_depth', 47), ('min_samples_leaf', 5), ('min_samples_split', 10), ('n_estimators', 653)])",0.8612186952042876,0.8571281279217774,0.8398230448093285,0.8527232893117977,0.009273453737804634,58
153,1.0796377658843994,0.005659275193751809,0.033780972162882485,0.000312732741290021,94,5,8,618,"OrderedDict([('max_depth', 94), ('min_samples_leaf', 5), ('min_samples_split', 8), ('n_estimators', 618)])",0.8612216057513095,0.8571408969837567,0.839822151384887,0.8527282180399843,0.009276779735474222,53
154,1.1580170790354412,0.011189302708991948,0.030771334966023762,0.0006422679782078861,61,1,5,481,"OrderedDict([('max_depth', 61), ('min_samples_leaf', 1), ('min_samples_split', 5), ('n_estimators', 481)])",0.8515887836714062,0.8454052269727856,0.8312339407816811,0.842742650475291,0.008520441790975644,155
155,1.4469311237335205,0.009780644083163632,0.041153907775878906,0.0004670265589017195,93,1,10,732,"OrderedDict([('max_depth', 93), ('min_samples_leaf', 1), ('min_samples_split', 10), ('n_estimators', 732)])",0.855626253754508,0.8500802228790011,0.8372253859170746,0.8476439541835279,0.0077071195726237055,127
156,1.159961223602295,0.008205248028854353,0.03619066874186198,0.00025388555043241853,23,5,6,656,"OrderedDict([('max_depth', 23), ('min_samples_leaf', 5), ('min_samples_split', 6), ('n_estimators', 656)])",0.8612347666939371,0.8571476284553246,0.8398341333542259,0.8527388428344959,0.009276307448656831,45
157,1.1441356341044109,0.006424212642502909,0.03513805071512858,0.00026788152016107337,79,5,7,656,"OrderedDict([('max_depth', 79), ('min_samples_leaf', 5), ('min_samples_split', 7), ('n_estimators', 656)])",0.8612347666939371,0.8571476284553246,0.8398341333542259,0.8527388428344959,0.009276307448656831,45
158,0.0037724177042643228,0.0002382701835815876,0.000850677490234375,0.0002454632457274468,75,5,4,1,"OrderedDict([('max_depth', 75), ('min_samples_leaf', 5), ('min_samples_split', 4), ('n_estimators', 1)])",0.8090953997728447,0.8360973218986308,0.7943082674012113,0.8131669963575624,0.017301535442624506,176
159,1.0463402271270752,0.0055709183784998775,0.03222775459289551,0.0004115790221249171,6,1,2,667,"OrderedDict([('max_depth', 6), ('min_samples_leaf', 1), ('min_samples_split', 2), ('n_estimators', 667)])",0.8614113451469187,0.8601984645162071,0.8427771220194742,0.8547956438942,0.008512791195059979,17
160,1.0941916306813557,0.009099852278426265,0.03401541709899902,0.0003241936902491977,100,5,10,622,"OrderedDict([('max_depth', 100), ('min_samples_leaf', 5), ('min_samples_split', 10), ('n_estimators', 622)])",0.8612098408192317,0.8571339740351557,0.8397947561062868,0.8527128569868915,0.00928479654350741,66
161,0.8991751670837402,0.003420531326824231,0.027918418248494465,0.0004333819942880197,5,1,2,663,"OrderedDict([('max_depth', 5), ('min_samples_leaf', 1), ('min_samples_split', 2), ('n_estimators', 663)])",0.8634380038201493,0.8608717983773504,0.8455976343563152,0.856635812184605,0.007875166873168422,15
162,1.009222110112508,0.001890988603188779,0.03277405103047689,1.1576334390992227e-05,6,5,10,685,"OrderedDict([('max_depth', 6), ('min_samples_leaf', 5), ('min_samples_split', 10), ('n_estimators', 685)])",0.864453094432338,0.8623306562737962,0.8436487258377342,0.8568108255146228,0.009347257596481504,10
163,1.0609546502431233,0.009765706741322872,0.03299395243326823,0.0006037489495413207,37,5,10,601,"OrderedDict([('max_depth', 37), ('min_samples_leaf', 5), ('min_samples_split', 10), ('n_estimators', 601)])",0.861198265383432,0.857076887681081,0.8399616691507119,0.8527456074050749,0.009194862569568757,42
164,0.9248737494150797,0.008961542057208902,0.030231316884358723,0.00046339059131727097,5,1,10,685,"OrderedDict([('max_depth', 5), ('min_samples_leaf', 1), ('min_samples_split', 10), ('n_estimators', 685)])",0.86357120872946,0.8607563470209947,0.8458993550597618,0.8567423036034055,0.0077527634406287784,11
165,0.4539960225423177,0.0038156970886111044,0.014086484909057617,0.00029806886959197966,77,1,10,230,"OrderedDict([('max_depth', 77), ('min_samples_leaf', 1), ('min_samples_split', 10), ('n_estimators', 230)])",0.8558173584197687,0.8503514070784266,0.8379384792706708,0.8480357482562887,0.007480431660558139,122
166,1.0683966477711995,0.014032965448304681,0.03412326176961263,0.00025636183068625907,7,5,6,674,"OrderedDict([('max_depth', 7), ('min_samples_leaf', 5), ('min_samples_split', 6), ('n_estimators', 674)])",0.8631048375759907,0.8601349567004009,0.8417895647996263,0.8550097863586726,0.00942640764577553,16
167,0.46536771456400555,0.0009641730335635944,0.015172719955444336,0.0004083934655082169,68,5,10,266,"OrderedDict([('max_depth', 68), ('min_samples_leaf', 5), ('min_samples_split', 10), ('n_estimators', 266)])",0.8613046032755836,0.8571506164277027,0.8403413472689554,0.8529321889907472,0.00906314416121699,21
168,1.7584458986918132,0.007428796513553488,0.05413301785786947,0.0004773835522018896,71,5,3,1000,"OrderedDict([('max_depth', 71), ('min_samples_leaf', 5), ('min_samples_split', 3), ('n_estimators', 1000)])",0.8611918495759509,0.8569789459339275,0.8396763093526561,0.8526157016208448,0.009309781360726277,80
169,1.769718090693156,0.011433716390961104,0.054478963216145836,0.0005565556937385551,68,5,9,1000,"OrderedDict([('max_depth', 68), ('min_samples_leaf', 5), ('min_samples_split', 9), ('n_estimators', 1000)])",0.8611918495759509,0.8569789459339275,0.8396763093526561,0.8526157016208448,0.009309781360726277,80
170,1.4010709921518962,0.005343664861821715,0.043239196141560875,0.0003515902845948915,99,5,10,790,"OrderedDict([('max_depth', 99), ('min_samples_leaf', 5), ('min_samples_split', 10), ('n_estimators', 790)])",0.8611600088072697,0.8571209854742923,0.8397980848906688,0.8526930263907436,0.009265997503015998,71
171,0.6439340909322103,0.002399806423848465,0.01925826072692871,1.3172851247006471e-05,75,1,9,318,"OrderedDict([('max_depth', 75), ('min_samples_leaf', 1), ('min_samples_split', 9), ('n_estimators', 318)])",0.8552605491819689,0.8499111350335732,0.8366460400612107,0.8472725747589176,0.007825023437406469,130
172,1.7543173631032307,0.005926855420937959,0.05502605438232422,0.00042192414406755233,16,5,2,1000,"OrderedDict([('max_depth', 16), ('min_samples_leaf', 5), ('min_samples_split', 2), ('n_estimators', 1000)])",0.8611918692594023,0.8569789459339275,0.8396765459578401,0.85261578705039,0.009309677788012867,79
173,0.41300757726033527,0.0017118786957943054,0.013440132141113281,0.000582050706334741,100,5,10,235,"OrderedDict([('max_depth', 100), ('min_samples_leaf', 5), ('min_samples_split', 10), ('n_estimators', 235)])",0.8613175993194992,0.8572331289528682,0.8408494561042053,0.853133394792191,0.008844662677253994,19
174,0.8102065722147623,0.0029916182538445384,0.02553701400756836,0.00038398213347832653,43,5,7,461,"OrderedDict([('max_depth', 43), ('min_samples_leaf', 5), ('min_samples_split', 7), ('n_estimators', 461)])",0.861089397906665,0.8571206219084866,0.8402191945989055,0.8528097381380192,0.009049093350115802,29
175,1.1573625405629475,0.003075231820499814,0.03762690226236979,0.0006148692765401865,5,5,6,868,"OrderedDict([('max_depth', 5), ('min_samples_leaf', 5), ('min_samples_split', 6), ('n_estimators', 868)])",0.8659820260738584,0.863796562238935,0.8451289618632748,0.8583025167253561,0.009357740960354282,3
176,1.7404166062672932,0.004553414807984575,0.054316043853759766,0.00023043300595644288,10,5,10,1000,"OrderedDict([('max_depth', 10), ('min_samples_leaf', 5), ('min_samples_split', 10), ('n_estimators', 1000)])",0.8613329104450418,0.8571033040093978,0.8397163295619303,0.8527175146721233,0.009353983228273688,63
177,0.003574371337890625,3.540335274915099e-05,0.0010070006052652996,5.844362993510638e-06,82,5,10,1,"OrderedDict([('max_depth', 82), ('min_samples_leaf', 5), ('min_samples_split', 10), ('n_estimators', 1)])",0.8090953997728447,0.8360973218986308,0.7943082674012113,0.8131669963575624,0.017301535442624506,176
178,1.0802635351816814,0.0025350606598233583,0.03347571690877279,0.0004249773256442755,55,5,10,617,"OrderedDict([('max_depth', 55), ('min_samples_leaf', 5), ('min_samples_split', 10), ('n_estimators', 617)])",0.8612065836255456,0.8571386270992721,0.8398115073138859,0.8527189060129011,0.009276772910749354,62
179,0.6079401969909668,0.000467324256288793,0.01995507876078288,0.00031143711259649964,4,5,6,520,"OrderedDict([('max_depth', 4), ('min_samples_leaf', 5), ('min_samples_split', 6), ('n_estimators', 520)])",0.8671085541867096,0.8601567751365179,0.8464332391569755,0.8578995228267342,0.00859024849804336,6
180,0.8877143065134684,0.006785211253886574,0.025522629419962566,0.0005751086534897949,63,1,8,427,"OrderedDict([('max_depth', 63), ('min_samples_leaf', 1), ('min_samples_split', 8), ('n_estimators', 427)])",0.8543332569446278,0.8493203767299886,0.835603740003032,0.8464191245592162,0.007916718568329121,138
181,0.5357611974080404,0.0009616958376706611,0.017299175262451172,0.00016541313090992743,88,5,8,306,"OrderedDict([('max_depth', 88), ('min_samples_leaf', 5), ('min_samples_split', 8), ('n_estimators', 306)])",0.8611855015023534,0.857036029438717,0.8404573361644823,0.8528929557018509,0.00895499877388278,22
182,0.7700417836507162,0.003649833719962829,0.025218963623046875,0.00039248163989659407,93,5,10,442,"OrderedDict([('max_depth', 93), ('min_samples_leaf', 5), ('min_samples_split', 10), ('n_estimators', 442)])",0.861062502304045,0.8571852598640941,0.8402730071864617,0.8528402564515337,0.009026260495627079,25
183,1.3162821928660076,0.0004722797573145428,0.04100513458251953,0.0006233372780174336,86,5,7,749,"OrderedDict([('max_depth', 86), ('min_samples_leaf', 5), ('min_samples_split', 7), ('n_estimators', 749)])",0.8611857346231007,0.8571981165443436,0.8397797838669868,0.8527212116781437,0.009294646840307102,61
184,1.2110234101613362,0.00589590833440141,0.03330151240030924,0.0012085159927406578,16,1,5,504,"OrderedDict([('max_depth', 16), ('min_samples_leaf', 1), ('min_samples_split', 5), ('n_estimators', 504)])",0.8514684360337266,0.8452548157463583,0.8313253692825133,0.8426828736875326,0.008422072152046869,156
185,1.3767841657002766,0.0030481348184155255,0.03536677360534668,0.0006568331034002547,81,1,3,488,"OrderedDict([('max_depth', 81), ('min_samples_leaf', 1), ('min_samples_split', 3), ('n_estimators', 488)])",0.848108969147061,0.8414077951805173,0.8271830065223169,0.8388999236166317,0.008725099532527075,167
186,1.7537755966186523,0.009941477833162305,0.052795966466267906,0.000917259710109242,49,5,10,1000,"OrderedDict([('max_depth', 49), ('min_samples_leaf', 5), ('min_samples_split', 10), ('n_estimators', 1000)])",0.8611918495759509,0.8569789459339275,0.8396763093526561,0.8526157016208448,0.009309781360726277,80
187,2.168210029602051,0.01831853385150055,0.0573429266611735,0.0004217779578878911,34,1,7,1000,"OrderedDict([('max_depth', 34), ('min_samples_leaf', 1), ('min_samples_split', 7), ('n_estimators', 1000)])",0.8538826281082059,0.8473238772067531,0.8335903080745994,0.8449322711298528,0.008455152188927034,149
188,0.5307669639587402,0.007983459731391286,0.019886493682861328,0.0022742493277742412,37,5,3,300,"OrderedDict([('max_depth', 37), ('min_samples_leaf', 5), ('min_samples_split', 3), ('n_estimators', 300)])",0.8611709832050477,0.8570569680096763,0.8404196328642223,0.8528825280263154,0.008971216830245883,23
189,0.585397481918335,0.0038522219538957144,0.01903700828552246,0.0003322320482617213,35,5,3,333,"OrderedDict([('max_depth', 35), ('min_samples_leaf', 5), ('min_samples_split', 3), ('n_estimators', 333)])",0.8612101720551733,0.857126525309559,0.8402387416673323,0.8528584796773547,0.009077899289554754,24
190,0.6001296043395996,0.0018959338334140572,0.017990907033284504,0.0004945230225278233,23,1,5,250,"OrderedDict([('max_depth', 23), ('min_samples_leaf', 1), ('min_samples_split', 5), ('n_estimators', 250)])",0.851954873918765,0.8461987349634572,0.8309689851075477,0.8430408646632567,0.008853661800779034,154
191,1.4430702527364094,0.002970263793517186,0.0438687801361084,0.00028438336518331987,57,5,8,825,"OrderedDict([('max_depth', 57), ('min_samples_leaf', 5), ('min_samples_split', 8), ('n_estimators', 825)])",0.861162158476219,0.857085049011677,0.8397639623045852,0.852670389930827,0.009276767071562152,73
192,1.6352120240529378,0.006786395704781082,0.04433743158976237,0.0016387039889146806,19,1,6,716,"OrderedDict([('max_depth', 19), ('min_samples_leaf', 1), ('min_samples_split', 6), ('n_estimators', 716)])",0.8532204872633007,0.8458618414385521,0.8328887225699098,0.8439903504239208,0.00840523736925332,150
193,0.6910852591196696,0.004471162473227697,0.02432425816853841,0.00362169099056921,5,5,5,520,"OrderedDict([('max_depth', 5), ('min_samples_leaf', 5), ('min_samples_split', 5), ('n_estimators', 520)])",0.865979837587749,0.8639641455523275,0.8453620955338693,0.858435359557982,0.00928074809407565,1
194,0.7070198853810629,0.0024804005820481864,0.021766026814778645,0.0003493901151735483,50,5,6,400,"OrderedDict([('max_depth', 50), ('min_samples_leaf', 5), ('min_samples_split', 6), ('n_estimators', 400)])",0.8610171496765732,0.8571759549902374,0.8403046994378346,0.852832601368215,0.008996293282513867,26
195,1.420202652613322,0.001431567760187988,0.035808404286702476,0.0005622614903624012,51,1,2,441,"OrderedDict([('max_depth', 51), ('min_samples_leaf', 1), ('min_samples_split', 2), ('n_estimators', 441)])",0.8456585683159148,0.8398813579543392,0.8253928126721054,0.8369775796474531,0.00852444169414453,168
196,0.6117200056711832,0.0024099430984092884,0.019703388214111328,0.0012957291652560972,89,5,5,350,"OrderedDict([('max_depth', 89), ('min_samples_leaf', 5), ('min_samples_split', 5), ('n_estimators', 350)])",0.8611578942015783,0.8569791460644052,0.8402560140838602,0.8527976847832811,0.009030895560907156,31
197,0.6957976818084717,0.003694849964154192,0.021083911259969074,0.0005230758852961067,10,1,9,358,"OrderedDict([('max_depth', 10), ('min_samples_leaf', 1), ('min_samples_split', 9), ('n_estimators', 358)])",0.8555727855151887,0.8499993939633772,0.8373265671842332,0.8476329155542665,0.0076346266396733605,128
198,1.759697437286377,0.013448979438280618,0.052741448084513344,0.00039239518249549243,54,5,4,1000,"OrderedDict([('max_depth', 54), ('min_samples_leaf', 5), ('min_samples_split', 4), ('n_estimators', 1000)])",0.8611918495759509,0.8569789459339275,0.8396763093526561,0.8526157016208448,0.009309781360726277,80
199,1.5013362566630046,0.01009941762284693,0.046353816986083984,0.00023328264025549125,80,5,7,851,"OrderedDict([('max_depth', 80), ('min_samples_leaf', 5), ('min_samples_split', 7), ('n_estimators', 851)])",0.8611557277073659,0.8569909088890011,0.8397346448438417,0.852627093813403,0.009273541548297704,77
