,mean_fit_time,std_fit_time,mean_score_time,std_score_time,param_alpha,param_l1_ratio,params,split0_test_score,split1_test_score,split2_test_score,mean_test_score,std_test_score,rank_test_score
0,0.0011687278747558594,0.0002387197499657038,0.0010042190551757812,0.0007100901037115426,0.6964691855978616,0.28613933495037946,"{'alpha': 0.6964691855978616, 'l1_ratio': 0.28613933495037946}",0.3855754549061573,0.3943178802712808,0.4060945430796984,0.3953292927523788,0.008407356353161958,169
1,0.0018890698750813801,0.0006718752971826816,0.0007798671722412109,0.0005662408962492305,0.2268514535642031,0.5513147690828912,"{'alpha': 0.2268514535642031, 'l1_ratio': 0.5513147690828912}",0.5142073759448256,0.4907763260604767,0.5400182119184149,0.5150006379745724,0.02011073973771945,53
2,0.00222929318745931,0.00015599953528832244,0.00033211708068847656,0.0004696844798054031,0.7194689697855631,0.42310646012446096,"{'alpha': 0.7194689697855631, 'l1_ratio': 0.42310646012446096}",0.40452430721347254,0.4065548089481219,0.42160114966962436,0.4108934219437396,0.00761674948659704,157
3,0.0013285477956136067,0.0004718213658509858,0.00033410390218098957,0.0004724942697061294,0.9807641983846155,0.6848297385848633,"{'alpha': 0.9807641983846155, 'l1_ratio': 0.6848297385848633}",0.4071820012898917,0.4125803988930907,0.4281100415254122,0.41595748056946485,0.008871273020695057,151
4,0.0016788641611735027,0.0006322519183024761,0.0,0.0,0.48093190148436094,0.3921175181941505,"{'alpha': 0.48093190148436094, 'l1_ratio': 0.3921175181941505}",0.45943649965436306,0.4415862091237135,0.46313955619111935,0.4547207549897319,0.009409760119454363,133
5,0.00217588742574056,0.00024578680158637205,0.0006655057271321615,0.0004705904172222151,0.3431780161508694,0.7290497073840416,"{'alpha': 0.3431780161508694, 'l1_ratio': 0.7290497073840416}",0.512784487363809,0.4811793823728492,0.537865382573971,0.5106097507702098,0.023192998428247694,62
6,0.0020004908243815103,2.869839681826876e-06,0.0011251767476399739,0.00017578218086019754,0.4385722446796244,0.05967789660956835,"{'alpha': 0.4385722446796244, 'l1_ratio': 0.05967789660956835}",0.43137041618177696,0.42041519239067326,0.4351926642837912,0.42899275761874717,0.006262766378618665,145
7,0.00217286745707194,0.0004319376318113094,0.0003994305928548177,0.000564880161642009,0.3980442553304314,0.7379954057320357,"{'alpha': 0.3980442553304314, 'l1_ratio': 0.7379954057320357}",0.5092526667450996,0.4772644674178156,0.5292858468096553,0.5052676603241902,0.02142375917197926,71
8,0.002408742904663086,0.00042234535131279696,0.0006082057952880859,0.0004377148244717361,0.18249173045349998,0.17545175614749253,"{'alpha': 0.18249173045349998, 'l1_ratio': 0.17545175614749253}",0.5086961920559828,0.4878770506469613,0.5207203583359152,0.5057645336796198,0.01356752693295281,70
9,0.002238670984903971,0.00033605087212686173,0.0009371439615885416,8.811501128677579e-05,0.5315513738418384,0.5318275870968661,"{'alpha': 0.5315513738418384, 'l1_ratio': 0.5318275870968661}",0.46719358242742026,0.44892837008807907,0.47258209948947916,0.46290135066832616,0.010122324132134767,125
10,0.0018922487894694011,8.565507985073242e-05,0.0010333855946858723,4.4282288835446e-05,0.6344009585513211,0.8494317940777896,"{'alpha': 0.6344009585513211, 'l1_ratio': 0.8494317940777896}",0.50056018272365,0.45937353690866534,0.5149958714082463,0.4916431970135206,0.023566862319958345,94
11,0.0019354820251464844,6.085514554071531e-05,0.0006984869639078776,0.0004954755052853064,0.7244553248606352,0.6110235106775829,"{'alpha': 0.7244553248606352, 'l1_ratio': 0.6110235106775829}",0.4414379365922654,0.43214079542269157,0.45250893739279563,0.4420292231359175,0.00832576389532743,141
12,0.001988490422566732,0.00010455433232824655,0.0010797182718912761,0.000177230642408209,0.7224433825702216,0.3229589138531782,"{'alpha': 0.7224433825702216, 'l1_ratio': 0.3229589138531782}",0.38497301482594715,0.3942769632167922,0.40609015622615274,0.3951133780896307,0.008641300350012855,170
13,0.0014175573984781902,0.0003935000399194083,0.0012090206146240234,0.00013907305392455826,0.3617886556223141,0.22826323087895561,"{'alpha': 0.3617886556223141, 'l1_ratio': 0.22826323087895561}",0.4717455274606228,0.44964982521156394,0.4717078787210126,0.4643677437977331,0.010407151387026352,123
14,0.002341588338216146,0.00020768884358209543,0.000337680180867513,0.00047755189152743667,0.29371404638882936,0.6309761238544878,"{'alpha': 0.29371404638882936, 'l1_ratio': 0.6309761238544878}",0.5118172535291748,0.4841173541785462,0.5335609496858287,0.5098318524645166,0.020234024928530676,63
15,0.0017891724904378254,0.0005703249607947767,0.0007807413736979166,0.0005697259709430337,0.09210493994507518,0.43370117267952824,"{'alpha': 0.09210493994507518, 'l1_ratio': 0.43370117267952824}",0.5170161998794138,0.5167452517530746,0.5747184091558681,0.5361599535961189,0.027265169778634687,28
16,0.002453009287516276,0.0004107036825010773,0.0003329912821451823,0.00047092078736172264,0.4308627633296438,0.4936850976503062,"{'alpha': 0.4308627633296438, 'l1_ratio': 0.4936850976503062}",0.4824140993422562,0.4607508642271194,0.48659702943156,0.4765873310003119,0.011327532415220967,111
17,0.0021231969197591147,0.00016337180697721318,0.0003342628479003906,0.0004727190528981875,0.425830290295828,0.3122612229724653,"{'alpha': 0.425830290295828, 'l1_ratio': 0.3122612229724653}",0.46356678020847086,0.44394673263532125,0.4653844530339337,0.4576326552925753,0.009705817597721513,132
18,0.0018543402353922527,0.0004862375447443368,0.0009582042694091797,0.000705748017246983,0.4263513069628082,0.8933891631171348,"{'alpha': 0.4263513069628082, 'l1_ratio': 0.8933891631171348}",0.5177012818882607,0.48111395278612146,0.557646964417822,0.5188207330307347,0.03125449669514019,51
19,0.0022400220235188804,0.00021712951024304854,0.0008931954701741537,0.0006897020615990701,0.9441600182038796,0.5018366758843366,"{'alpha': 0.9441600182038796, 'l1_ratio': 0.5018366758843366}",0.36620679110941834,0.38574020395184816,0.39559093264974265,0.3825126425703364,0.012211191802850994,175
20,0.002465486526489258,0.0003605047122403642,0.0009496212005615234,7.38505156787621e-05,0.6239529517921112,0.11561839507929572,"{'alpha': 0.6239529517921112, 'l1_ratio': 0.11561839507929572}",0.3794707004977115,0.38971388016056263,0.3986047315013892,0.3892631040532211,0.007817935999424125,172
21,0.001667022705078125,0.0004715452196775895,0.0006664594014485677,0.0004712670086080933,0.3172854818203209,0.4148262119536318,"{'alpha': 0.3172854818203209, 'l1_ratio': 0.4148262119536318}",0.4966177918030855,0.47361688120517687,0.502311951698843,0.4908488749023685,0.012404624656813861,95
22,0.001999934514363607,3.0304075821141593e-06,0.0009988149007161458,1.9106571324938627e-06,0.8663091578833659,0.2504553653965067,"{'alpha': 0.8663091578833659, 'l1_ratio': 0.2504553653965067}",0.3325575143140618,0.36480183394371,0.3681216941642995,0.35516034747402375,0.01603997959503838,187
23,0.0016663074493408203,0.0004701955713903083,0.0005029042561848959,0.0007112140196718331,0.48303426426270435,0.985559785610705,"{'alpha': 0.48303426426270435, 'l1_ratio': 0.985559785610705}",0.5219699363474121,0.4897571383107423,0.5762641330257987,0.5293304025613177,0.03569778126459434,40
24,0.0017140706380208333,0.0004980732583856625,0.0010020732879638672,7.176359626432615e-06,0.5194851192598093,0.6128945257629677,"{'alpha': 0.5194851192598093, 'l1_ratio': 0.6128945257629677}",0.4808238360957796,0.46114321080724496,0.48720777621762446,0.47639160770688305,0.011092756762154708,112
25,0.0016642411549886067,0.0004727753388713121,0.0011754035949707031,0.0002464775375846917,0.12062866599032374,0.8263408005068332,"{'alpha': 0.12062866599032374, 'l1_ratio': 0.8263408005068332}",0.5160211216524749,0.5223998702919728,0.596607297202127,0.5450094297155249,0.03657801758274303,17
26,0.001671155293782552,0.00047480916199873477,0.0009988943735758464,0.0008169273208544395,0.6030601284109274,0.5450680064664649,"{'alpha': 0.6030601284109274, 'l1_ratio': 0.5450680064664649}",0.45436043862188047,0.43978345966620314,0.46190272527394616,0.4520155411873432,0.009181117787442704,136
27,0.0020417372385660806,5.957899601413971e-05,0.0006705919901529948,0.0004742071552209826,0.3427638337743084,0.3041207890271841,"{'alpha': 0.3427638337743084, 'l1_ratio': 0.3041207890271841}",0.48305543081850755,0.4595882943254376,0.4842803859506257,0.475641370364857,0.011362249381598728,114
28,0.0018714269002278645,0.0001819686582055246,0.0008409023284912109,0.0006320895466877912,0.4170222110247016,0.6813007657927966,"{'alpha': 0.4170222110247016, 'l1_ratio': 0.6813007657927966}",0.5029561210080082,0.4752388663394468,0.5163932072501503,0.4981960648658685,0.017135023486139777,83
29,0.002041498819986979,5.974255607628803e-05,0.0006701151529947916,0.00047387659717144833,0.8754568417951749,0.5104223374780111,"{'alpha': 0.8754568417951749, 'l1_ratio': 0.5104223374780111}",0.38468977480835354,0.39618345160451574,0.40864412454597643,0.3965057836529486,0.009781978031058737,168
30,0.0012061595916748047,0.00028845304763047474,0.0009985764821370442,2.247831920581015e-07,0.6693137829622723,0.5859365525622129,"{'alpha': 0.6693137829622723, 'l1_ratio': 0.5859365525622129}",0.44780632166065326,0.4359321831310967,0.45730237207709323,0.4470136256229478,0.008742330701936925,139
31,0.002168416976928711,0.00024091297875607751,0.0006681283315022787,0.00047243808393472315,0.6249035020955999,0.6746890509878248,"{'alpha': 0.6249035020955999, 'l1_ratio': 0.6746890509878248}",0.4725361344697391,0.45568496928700597,0.4802349878324643,0.46948536386306977,0.01025203243643182,121
32,0.001999457677205404,0.0008164374096054778,0.0008370876312255859,0.00023164112437766256,0.8423424376202573,0.08319498833243877,"{'alpha': 0.8423424376202573, 'l1_ratio': 0.08319498833243877}",0.3102059637953497,0.35165011257301815,0.3502635417518679,0.33737320604007853,0.0192184795279327,193
33,0.0023668607076009116,0.0004500428967295818,0.0010076363881429036,1.114265043258841e-05,0.7636828414433382,0.243666374536874,"{'alpha': 0.7636828414433382, 'l1_ratio': 0.243666374536874}",0.3593388279227605,0.3793084552961983,0.38682541757373,0.37515756693089625,0.011598866563191874,180
34,0.0013668537139892578,0.00044848687331356947,0.0008397897084554037,0.00023360887256989666,0.19422296057877086,0.5724569574914731,"{'alpha': 0.19422296057877086, 'l1_ratio': 0.5724569574914731}",0.5164726220784248,0.49890309698776236,0.5511340601400847,0.5221699264020906,0.021700427574468963,47
35,0.0017002423604329426,0.0004953778264549354,0.0011759599049886067,0.00023382938525681312,0.09571251661238711,0.8853268262751396,"{'alpha': 0.09571251661238711, 'l1_ratio': 0.8853268262751396}",0.5134973155356708,0.5260185277586822,0.6050244440342492,0.5481800957762007,0.040518762201768074,14
36,0.002036571502685547,4.479393814525996e-05,0.00033402442932128906,0.00047238187811010033,0.6272489720512687,0.7234163581899548,"{'alpha': 0.6272489720512687, 'l1_ratio': 0.7234163581899548}",0.4806146530984913,0.45894699184152954,0.48898645188323786,0.4761826989410862,0.012657644676620072,113
37,0.002447048823038737,0.00044140813130696905,0.0008538564046223959,0.0006462658676718894,0.01612920669501683,0.5944318794450425,"{'alpha': 0.01612920669501683, 'l1_ratio': 0.5944318794450425}",0.5083490620918258,0.5269289021262304,0.6159207781370672,0.5503995807850411,0.04694729733618594,2
38,0.002027591069539388,0.000386101122168622,0.0002628167470296224,0.0003716790080680709,0.5567851923942887,0.15895964414472274,"{'alpha': 0.5567851923942887, 'l1_ratio': 0.15895964414472274}",0.40643694293185917,0.40559250845193573,0.4182825816505361,0.4101040110114436,0.005793388799409755,158
39,0.0016059080759684246,0.0005324088960376658,0.00033402442932128906,0.00047238187811010033,0.1530705151247731,0.6955295287709109,"{'alpha': 0.1530705151247731, 'l1_ratio': 0.6955295287709109}",0.5178607141958603,0.5126321933893994,0.575671989588862,0.5353882990580405,0.02856473524637379,33
40,0.002191305160522461,0.0002617172192950539,0.0006930033365885416,0.0004911435589161387,0.31876642638187636,0.6919702955318197,"{'alpha': 0.31876642638187636, 'l1_ratio': 0.6919702955318197}",0.512653535751762,0.4827314470765415,0.5368627154829033,0.5107492327704023,0.02213998392357153,60
41,0.001964728037516276,0.00011190890533301532,0.0006659825642903646,0.0004709227589046859,0.5543832497177721,0.3889505741231446,"{'alpha': 0.5543832497177721, 'l1_ratio': 0.3889505741231446}",0.4407652430151251,0.4286936434012044,0.447947123646543,0.4391353366876241,0.007944246193177858,142
42,0.0017743110656738281,0.00019936726384005253,0.001005729039510091,6.530328936314308e-06,0.9251324896139861,0.8416699969127163,"{'alpha': 0.9251324896139861, 'l1_ratio': 0.8416699969127163}",0.464372418482372,0.43547963874053897,0.47564872733944397,0.45850026152078494,0.016916473041640134,131
43,0.0019805431365966797,0.00012835882971412623,0.0010047753651936848,0.0008221859159761646,0.35739756668317624,0.04359146379904055,"{'alpha': 0.35739756668317624, 'l1_ratio': 0.04359146379904055}",0.45614573390669144,0.43700527457274463,0.4551748081670878,0.4494419388821746,0.008802978229252623,138
44,0.001775185267130534,0.0002003420158524216,0.0010318756103515625,3.455177973584993e-05,0.30476807341109746,0.398185681917981,"{'alpha': 0.30476807341109746, 'l1_ratio': 0.398185681917981}",0.49772171381918096,0.47468764600230406,0.5036292649535239,0.492012874925003,0.012485924288818487,93
45,0.0022179285685221353,0.00022549787798071774,0.0006003379821777344,0.00043226824780649616,0.7049588304513622,0.9953584820340174,"{'alpha': 0.7049588304513622, 'l1_ratio': 0.9953584820340174}",0.5200210348948429,0.4537232706207037,0.5502222694029868,0.5079888583061778,0.040303797559629394,67
46,0.0018417040506998699,0.00023268043722095397,0.0010054906209309895,6.772468020245137e-06,0.35591486571745956,0.7625478137854338,"{'alpha': 0.35591486571745956, 'l1_ratio': 0.7625478137854338}",0.5137036116977303,0.48040285785058445,0.5411861960715838,0.5117642218732995,0.024852558231704965,57
47,0.0019367535909016926,8.688066656280645e-05,0.0006670157114664713,0.0004716513427792448,0.5931769165622212,0.6917017987001771,"{'alpha': 0.5931769165622212, 'l1_ratio': 0.6917017987001771}",0.48050317998337877,0.46104578452719347,0.4883594155040012,0.47663612667152444,0.011481120307468548,110
48,0.0021746953328450522,0.0002496224179342679,0.001605987548828125,0.0008545701711199364,0.15112745234808023,0.39887629272615654,"{'alpha': 0.15112745234808023, 'l1_ratio': 0.39887629272615654}",0.5162083248778984,0.5016126127495488,0.5489675180352738,0.5222628185542403,0.019800916374630134,46
49,0.0022744337717692056,0.0003920219352828679,0.0008366107940673828,0.0002318076872447519,0.24085589772362448,0.34345601404832493,"{'alpha': 0.24085589772362448, 'l1_ratio': 0.34345601404832493}",0.5054272309173031,0.48378367735708494,0.5154766597972368,0.5015625226905417,0.013224050343885865,78
50,0.0019986629486083984,1.2765231453743784e-06,0.0005022684733072916,0.0004074660863201158,0.5131281541990022,0.6666245501640716,"{'alpha': 0.5131281541990022, 'l1_ratio': 0.6666245501640716}",0.4889410154442888,0.467193880330221,0.49711064062394317,0.48441517879948437,0.012625781417918886,101
51,0.0020049413045247397,4.533437314653925e-06,0.0006652673085530599,0.0004704158408268909,0.10590848505681383,0.13089495066408074,"{'alpha': 0.10590848505681383, 'l1_ratio': 0.13089495066408074}",0.5163656024400249,0.5059268930555798,0.5501836546565204,0.524158716717375,0.018889409898238424,45
52,0.0020023981730143228,6.341914286060335e-06,0.0005031426747639974,0.00040853018697758087,0.32198060646830806,0.6615643366662437,"{'alpha': 0.32198060646830806, 'l1_ratio': 0.6615643366662437}",0.510928178885933,0.4822601610461006,0.5317625167718458,0.5083169522346265,0.02029342560318367,66
53,0.002003272374471029,5.969464606670991e-06,0.0005029042561848959,0.0004082398814717426,0.8465062252707221,0.5532573447967134,"{'alpha': 0.8465062252707221, 'l1_ratio': 0.5532573447967134}",0.4015962920029055,0.4065481913771063,0.4214576962129306,0.4098673931976475,0.008441234895543577,159
54,0.0018351078033447266,0.00023148131754331918,0.00033728281656901043,0.0004769899335472913,0.8544524875245048,0.3848378112757611,"{'alpha': 0.8544524875245048, 'l1_ratio': 0.3848378112757611}",0.3621452793633311,0.3820945410831861,0.39074244141305536,0.3783274206198575,0.01197477395092059,178
55,0.0020003318786621094,2.0509541671377722e-06,0.0009989738464355469,3.371747880871523e-07,0.31678789711837974,0.3542646755916785,"{'alpha': 0.31678789711837974, 'l1_ratio': 0.3542646755916785}",0.4924971752185535,0.4688303305037339,0.49600457843547185,0.48577736138591976,0.012068605584265125,99
56,0.002577543258666992,0.0001236288653952087,0.0005063215891520182,0.0004127947787350453,0.17108182920509907,0.8291126345018904,"{'alpha': 0.17108182920509907, 'l1_ratio': 0.8291126345018904}",0.5179123066912343,0.5157702334359258,0.5882376033156012,0.5406400478142538,0.03366791337693959,23
57,0.0020006497701009116,3.017876552907233e-06,0.0009999275207519531,1.8570139321562326e-06,0.3386708459143266,0.5523700752940731,"{'alpha': 0.3386708459143266, 'l1_ratio': 0.5523700752940731}",0.5026639046925214,0.47967512213117447,0.5135278460925503,0.4986222909720821,0.014112706118960323,82
58,0.0022277037302652993,0.0003188570972103514,0.0009993712107340496,0.0008168280445336071,0.578551468108833,0.5215330593973323,"{'alpha': 0.578551468108833, 'l1_ratio': 0.5215330593973323}",0.4557335829771758,0.44041068210005796,0.4625458715115002,0.4528967121962446,0.009256620313443476,135
59,0.0026038487752278647,0.00042756711682161906,0.00033553441365559894,0.0004745173184346523,0.002688064574320692,0.98834541928282,"{'alpha': 0.002688064574320692, 'l1_ratio': 0.98834541928282}",0.5033017330008083,0.5215152345306016,0.6213794287327863,0.5487321320880654,0.051904753743971625,12
60,0.0020008087158203125,2.3360154559928683e-06,0.00033410390218098957,0.0004724942697061294,0.9053415756616099,0.2076358611963245,"{'alpha': 0.9053415756616099, 'l1_ratio': 0.2076358611963245}",0.31433958356504876,0.35471836534272283,0.3548221490719051,0.3412933659932256,0.01905924942829125,192
61,0.0014972686767578125,0.00040149254543587576,0.0010003248850504558,0.0005079796897941777,0.2924894127924248,0.5200101530724834,"{'alpha': 0.2924894127924248, 'l1_ratio': 0.5200101530724834}",0.5066460582398804,0.4830654720044836,0.5200996672983867,0.5032703991809169,0.015306408479860359,74
62,0.0016690889994303386,0.0004733593128651965,0.0006692409515380859,0.00047323011030846743,0.9019113726606706,0.9836308849117232,"{'alpha': 0.9019113726606706, 'l1_ratio': 0.9836308849117232}",0.5085787262930339,0.44384621997419815,0.5177861549107514,0.4900703670593278,0.03290084108092444,96
63,0.0016644001007080078,0.00047238223911080617,0.0010023117065429688,1.6632437337602258e-06,0.2575420641540831,0.5643590429247817,"{'alpha': 0.2575420641540831, 'l1_ratio': 0.5643590429247817}",0.5122125585009212,0.48629821644352633,0.5336883463310045,0.5107330404251507,0.01937520465251763,61
64,0.002078851064046224,0.00027518643344193183,0.0010062058766682942,9.761260260928001e-06,0.8069686841371791,0.3943700539527748,"{'alpha': 0.8069686841371791, 'l1_ratio': 0.3943700539527748}",0.37634172878383765,0.390074581534428,0.400872333361595,0.3890962145599535,0.010038444158670844,173
65,0.001998424530029297,5.840038639982171e-07,0.0010011990865071614,6.836513890459241e-07,0.7310730358445571,0.16106901442921484,"{'alpha': 0.7310730358445571, 'l1_ratio': 0.16106901442921484}",0.35453284717507527,0.3760923804512104,0.38246499816367685,0.3710300752633208,0.011951888695209339,182
66,0.002674261728922526,0.001692575762731486,0.0011458396911621094,0.0002050155802560725,0.6006985678335899,0.8658644583032646,"{'alpha': 0.6006985678335899, 'l1_ratio': 0.8658644583032646}",0.5057913726172498,0.4617629578161956,0.5241001687558431,0.4972181663964295,0.02616112721338107,84
67,0.0020018418629964194,5.339488039729063e-06,0.0010025501251220703,3.216442480857859e-06,0.9835216092035556,0.07936579037801572,"{'alpha': 0.9835216092035556, 'l1_ratio': 0.07936579037801572}",0.2722163539083192,0.33145064529685886,0.3235884728492665,0.3090851573514815,0.02626702545520807,200
68,0.0020981629689534507,0.00013566168460400654,0.0009017785390218099,0.00013442091268700044,0.42834727470094924,0.2045428595464277,"{'alpha': 0.42834727470094924, 'l1_ratio': 0.2045428595464277}",0.4508387602707977,0.43409994055171486,0.4528145730078569,0.4459177579434565,0.008395298879785618,140
69,0.0024840831756591797,0.00040770515817760834,0.0003331502278645833,0.0004711455705537808,0.4506364905187348,0.547763572628854,"{'alpha': 0.4506364905187348, 'l1_ratio': 0.547763572628854}",0.4847191767839214,0.463483750959517,0.4900637148295147,0.47942221419098435,0.011479459318447212,106
70,0.0013318856557210286,0.0004713164193090179,0.0006665388743082682,0.0004713185902055561,0.09332671036982076,0.29686077548067946,"{'alpha': 0.09332671036982076, 'l1_ratio': 0.29686077548067946}",0.517139208478453,0.5133479284678247,0.565854101766954,0.532113746237744,0.02390818750216298,36
71,0.0014281272888183594,0.0004187826244299222,0.000903924306233724,0.0001359711187652944,0.9275842401521475,0.5690037314301953,"{'alpha': 0.9275842401521475, 'l1_ratio': 0.5690037314301953}",0.38685947692135003,0.398326460462615,0.41126931524644184,0.398818417543469,0.00997134454629304,166
72,0.0020027955373128257,4.7855597233214686e-06,0.0,0.0,0.45741199752361195,0.7535259907981146,"{'alpha': 0.45741199752361195, 'l1_ratio': 0.7535259907981146}",0.5053118464336604,0.4729322589449796,0.5218432455678534,0.5000291169821645,0.020314224506471867,81
73,0.0020009676615397134,1.3673027780918482e-06,0.0,0.0,0.7418621518420373,0.04857903284426879,"{'alpha': 0.7418621518420373, 'l1_ratio': 0.04857903284426879}",0.33358205011749564,0.3640069270507431,0.3660630954193109,0.3545506908625165,0.014850810934317992,188
74,0.0023363431294759116,0.0004711455705537807,0.0006661415100097656,0.0004710341846080385,0.708697395442746,0.8392433478050836,"{'alpha': 0.708697395442746, 'l1_ratio': 0.8392433478050836}",0.49128906951524687,0.4535468770352611,0.5018345463709644,0.4822234976404907,0.020729418668980745,104
75,0.0019989808400472007,4.052336624139774e-07,0.0006671746571858724,0.000471763814700398,0.16593788420695388,0.7809979379999573,"{'alpha': 0.16593788420695388, 'l1_ratio': 0.7809979379999573}",0.5179706496612697,0.514258724468085,0.5827086109600583,0.538312661696471,0.03142923087850136,25
76,0.0022391478220621743,0.0005513129942140123,0.00066375732421875,0.00046935057502003327,0.2865366167291019,0.3064697533295573,"{'alpha': 0.2865366167291019, 'l1_ratio': 0.3064697533295573}",0.4953800958964689,0.47147529184780623,0.49917084994389826,0.48867541256272445,0.012260385217380546,98
77,0.002002159754435221,5.788985523056766e-06,0.0010002454121907551,0.0008158547063192753,0.665261465349683,0.11139217160771575,"{'alpha': 0.665261465349683, 'l1_ratio': 0.11139217160771575}",0.36619621720162,0.38223823413123814,0.3894323272387705,0.37928892619054294,0.009712638344323272,177
78,0.002332448959350586,0.0004737306172594565,0.0010971228281656902,0.0001332419791270888,0.6648724488032943,0.8878567926762226,"{'alpha': 0.6648724488032943, 'l1_ratio': 0.8878567926762226}",0.5040824707419981,0.45604485999484556,0.5205941463110497,0.49357382568263114,0.02737975294167381,90
79,0.0018417835235595703,0.0002293390931874494,0.0008054574330647787,0.0005943864701510658,0.6963112682354063,0.44032787666540907,"{'alpha': 0.6963112682354063, 'l1_ratio': 0.44032787666540907}",0.4136665700567441,0.4121932032760579,0.4286216935229815,0.41816048895192787,0.0074216037451790276,149
80,0.001905679702758789,0.00013453274044677375,0.0017598470052083333,0.000882456578278482,0.4382143843772247,0.7650960952393066,"{'alpha': 0.4382143843772247, 'l1_ratio': 0.7650960952393066}",0.5080271639770516,0.4744522066355895,0.5272361793706409,0.503238516661094,0.021813379713089453,75
81,0.0018076896667480469,0.0005952527483772918,0.0008370081583658854,0.0006273085156300572,0.5656420012258828,0.0849041631918176,"{'alpha': 0.5656420012258828, 'l1_ratio': 0.0849041631918176}",0.39334130073635765,0.3974976430158812,0.407702550928977,0.39951383156040526,0.0060338013976295795,165
82,0.002334038416544596,0.0004726073027757551,0.0009992122650146484,1.0300859925600466e-06,0.5826710878614046,0.8148437028934097,"{'alpha': 0.5826710878614046, 'l1_ratio': 0.8148437028934097}",0.5003544582176884,0.4636284464621906,0.5145721317067633,0.4928516787955474,0.02146366760935792,91
83,0.0020488103230794272,0.0002926172347583684,0.0009968280792236328,2.3921198754775383e-06,0.33706638344761,0.9275765795753895,"{'alpha': 0.33706638344761, 'l1_ratio': 0.9275765795753895}",0.5202203090936683,0.500494601078103,0.5789014568525268,0.533205455674766,0.03330034316046679,35
84,0.0018362998962402344,0.00023063051270622682,0.0006701151529947916,0.00047385740413415057,0.7507170003431679,0.5740638251499645,"{'alpha': 0.7507170003431679, 'l1_ratio': 0.5740638251499645}",0.42793137480824517,0.42280215587413306,0.44135755326642057,0.4306970279829329,0.007823567865043965,144
85,0.001665035883585612,0.0004699654688748367,0.0006679693857828776,0.0004723279388304112,0.7516439887929184,0.07914896073820521,"{'alpha': 0.7516439887929184, 'l1_ratio': 0.07914896073820521}",0.33541359928527636,0.3651712938619317,0.3679635456502145,0.3561828129324742,0.014730226161524774,186
86,0.0023163954416910806,0.00022579547166577207,0.0006663004557291666,0.00047114573141958735,0.8593890756806114,0.8215041132005579,"{'alpha': 0.8593890756806114, 'l1_ratio': 0.8215041132005579}",0.46804331091248397,0.44113130036574144,0.4786015047154656,0.46259203866456367,0.015775325254823985,126
87,0.001971562703450521,3.934139347573925e-05,0.0006704330444335938,0.00047408218048181023,0.9098716596102089,0.12863119750938,"{'alpha': 0.9098716596102089, 'l1_ratio': 0.12863119750938}",0.2993741126750482,0.34618197203260637,0.34325034100878304,0.3296021419054792,0.021407925767213787,195
88,0.0018419424692789714,0.0008487359705605487,0.0006665388743082682,0.000471314409210715,0.08178008709398521,0.13841557278158978,"{'alpha': 0.08178008709398521, 'l1_ratio': 0.13841557278158978}",0.5169966101071453,0.5132604492776309,0.5633496855130293,0.5312022482992685,0.022782786104067254,39
89,0.002002239227294922,2.0509541671377722e-06,0.000835418701171875,0.00022913559449785345,0.3993787101028001,0.4243068610809919,"{'alpha': 0.3993787101028001, 'l1_ratio': 0.4243068610809919}",0.4815365006542046,0.45924748196860565,0.48446702438642264,0.4750836690030777,0.011261604597905728,117
90,0.0009996096293131511,6.25769923052137e-07,0.0010003248850504558,7.370009816086851e-07,0.5622183787309056,0.12224354963250506,"{'alpha': 0.5622183787309056, 'l1_ratio': 0.12224354963250506}",0.3996041081650452,0.4013492625618945,0.412774585741315,0.40457598548941826,0.005840900360675663,161
91,0.0019981066385904946,2.08152148782552e-06,0.0008369286855061849,0.0002318690925989804,0.20139950138137086,0.8116443482840215,"{'alpha': 0.20139950138137086, 'l1_ratio': 0.8116443482840215}",0.5185154147514471,0.5104038447660881,0.5793730004236974,0.5360974199804108,0.030779119425722878,29
92,0.0020043055216471353,6.521618601140545e-06,0.0010005633036295574,5.947204250930057e-07,0.4679875740567494,0.8079382094836102,"{'alpha': 0.4679875740567494, 'l1_ratio': 0.8079382094836102}",0.5093817060221356,0.47234853106966046,0.5308740260362461,0.5042014210426807,0.024172090029925493,72
93,0.002349217732747396,0.00024704777267698156,0.0013365745544433594,0.00046666614799010793,0.007426378544613033,0.5515927259824055,"{'alpha': 0.007426378544613033, 'l1_ratio': 0.5515927259824055}",0.5059873723989294,0.5250140978017351,0.6193381891189723,0.5501132197732123,0.04956192325821308,7
94,0.0018361409505208333,0.00022934250808785535,0.0006723403930664062,0.00047543402701057265,0.9319321480766781,0.5821754591458701,"{'alpha': 0.9319321480766781, 'l1_ratio': 0.5821754591458701}",0.389269172386412,0.39992820249633854,0.4132250437262096,0.4008074728696534,0.009799686396488271,164
95,0.002367893854777018,0.00041450546304976353,0.00047771135965983075,0.0004094299042181968,0.20609572744527416,0.7177575622795576,"{'alpha': 0.20609572744527416, 'l1_ratio': 0.7177575622795576}",0.517997808017025,0.5041045513859408,0.564991353344564,0.5290312375825099,0.026052550600271205,41
96,0.002505779266357422,0.00041011266799687707,0.0006665388743082682,0.00047132381639695183,0.3789858496989177,0.6683839472594598,"{'alpha': 0.3789858496989177, 'l1_ratio': 0.6683839472594598}",0.5060226314218519,0.4780376737639369,0.5214670526807618,0.5018424526221835,0.017974670314513615,77
97,0.00303800900777181,0.0007338312226691092,0.0006461143493652344,0.0004575614681293344,0.02931972289377127,0.6359003593513561,"{'alpha': 0.02931972289377127, 'l1_ratio': 0.6359003593513561}",0.5101924466720982,0.5276823617773501,0.6120087851538876,0.5499611978677786,0.0444514836544122,8
98,0.0023272832234700522,0.00022658215446598988,0.0009117921193440756,0.00029790191300676876,0.032197934937924,0.744780655141766,"{'alpha': 0.032197934937924, 'l1_ratio': 0.744780655141766}",0.5096624374639687,0.5272832627576918,0.6141257429132821,0.5503571477116475,0.04566142552527557,4
99,0.002172708511352539,0.00023922711603944135,0.0006649494171142578,0.0004702025831401252,0.4729130022384551,0.12175435547305369,"{'alpha': 0.4729130022384551, 'l1_ratio': 0.12175435547305369}",0.4276235590084827,0.4183446037606612,0.433232674657805,0.4264002791423163,0.0061392710741488615,147
100,0.0015088717142740886,0.0004094811775977665,0.0006704330444335938,0.00047409077338321097,0.542635925788506,0.0667744432250047,"{'alpha': 0.542635925788506, 'l1_ratio': 0.0667744432250047}",0.39826637525239206,0.4002752622709943,0.41087960597252926,0.4031404144986386,0.005533547401413447,163
101,0.0015823841094970703,0.000499798401437453,0.0006641546885172526,0.0004696345880886427,0.6533648713530407,0.9960863273678254,"{'alpha': 0.6533648713530407, 'l1_ratio': 0.9960863273678254}",0.521219952080759,0.46392908943906463,0.5580717555039814,0.5144069323412683,0.03873433723825776,54
102,0.002171595891316732,0.00024001274672679493,0.000333865483601888,0.00047215709491804224,0.7693973370739623,0.5737741136588245,"{'alpha': 0.7693973370739623, 'l1_ratio': 0.5737741136588245}",0.42374875441899595,0.4201895220357873,0.43816075666805865,0.4273663443742806,0.007769879294020371,146
103,0.0015317598978678386,0.00033553315247805113,0.0011179447174072266,0.0001587066839808188,0.10263525921079586,0.6998340747729147,"{'alpha': 0.10263525921079586, 'l1_ratio': 0.6998340747729147}",0.5163039735508246,0.5210710403912712,0.5906421044151398,0.5426723727857452,0.03397550682489202,20
104,0.002002875010172526,6.721919521900972e-06,0.0010015169779459636,1.766372582983404e-06,0.6611678673279311,0.04909713062277632,"{'alpha': 0.6611678673279311, 'l1_ratio': 0.04909713062277632}",0.35813346324406015,0.3774269527365376,0.3827133708627065,0.37275792894776805,0.010563862992623142,181
105,0.0011710325876871746,0.00024096828957486613,0.0012005964914957683,0.00027423542521768084,0.7922993018445906,0.5187165908905051,"{'alpha': 0.7922993018445906, 'l1_ratio': 0.5187165908905051}",0.40635058698137994,0.40881888424779567,0.4243315191792486,0.41316699680280805,0.007958561124951333,155
106,0.0017264684041341145,0.00035530146044333714,0.0014455318450927734,0.0004144067442002857,0.4258676941999191,0.7881871736014655,"{'alpha': 0.4258676941999191, 'l1_ratio': 0.7881871736014655}",0.5107962750079342,0.47544893885800943,0.5337565209061597,0.5066672449240345,0.023982357378578043,69
107,0.00250856081644694,0.0007195877267885651,0.0008627573649088541,0.0006556530384073377,0.41156922320883715,0.48102627550515353,"{'alpha': 0.41156922320883715, 'l1_ratio': 0.48102627550515353}",0.48478247499733873,0.4626984009967041,0.488927464083754,0.47880278002593224,0.011512558405770288,109
108,0.0018715858459472656,0.0007606986039320819,0.0011167526245117188,8.67719169747039e-05,0.18162884267382462,0.32131889950642867,"{'alpha': 0.18162884267382462, 'l1_ratio': 0.32131889950642867}",0.5125305372971533,0.4910838556146554,0.5321510563150195,0.5119218164089427,0.016771138883625917,56
109,0.001998742421468099,0.0008179960503957025,0.0010528564453125,7.519224570107883e-05,0.8455329965625688,0.18690374892671535,"{'alpha': 0.8455329965625688, 'l1_ratio': 0.18690374892671535}",0.32670103569636944,0.36117079301621313,0.3631568769518445,0.3503429018881423,0.016736975236924082,191
110,0.0021796226501464844,0.0002455374160626776,0.0010042190551757812,5.091227651611e-06,0.4172910609033441,0.9890345073952994,"{'alpha': 0.4172910609033441, 'l1_ratio': 0.9890345073952994}",0.5217595694037296,0.4996714858974899,0.5848982935471461,0.5354431162827885,0.03611400261146569,32
111,0.0016196568806966145,0.0004939789139030057,0.0012211004892985027,0.00015941300843723148,0.23659981170551936,0.9168323329388289,"{'alpha': 0.23659981170551936, 'l1_ratio': 0.9168323329388289}",0.519016625097478,0.513090565537659,0.5899292021567515,0.5406787975972961,0.03490922807729731,22
112,0.0020445982615152993,0.0003050730287236303,0.0003319581349690755,0.000469459696613345,0.918397467805633,0.09129634220320182,"{'alpha': 0.918397467805633, 'l1_ratio': 0.09129634220320182}",0.2909554962627874,0.3414571701318534,0.3368232632720527,0.3230786432222312,0.02279313787275816,197
113,0.0016101996103922527,0.00031235966108797024,0.001005093256632487,6.107529340375534e-06,0.463652724885516,0.5022163353227871,"{'alpha': 0.463652724885516, 'l1_ratio': 0.5022163353227871}",0.47697207818111365,0.45625354297172405,0.48119171647418113,0.47147244587567294,0.010898397161385657,118
114,0.0020004908243815103,1.4868010627325142e-06,0.0,0.0,0.31366895005212747,0.047339537237736984,"{'alpha': 0.31366895005212747, 'l1_ratio': 0.047339537237736984}",0.4702005535672492,0.4475145994678147,0.4680379473162103,0.4619177001170914,0.010222726240560115,127
115,0.0015470186869303386,0.000521160412498332,0.001005252202351888,8.213818980982605e-06,0.24168563724539782,0.09552964155536092,"{'alpha': 0.24168563724539782, 'l1_ratio': 0.09552964155536092}",0.49342418479875627,0.46831967960139254,0.4943073330714529,0.4853503991572006,0.012047933271155638,100
116,0.0021883646647135415,0.0002389121774126439,0.0006580352783203125,0.0004654071123708255,0.23824990571241178,0.8077910862901561,"{'alpha': 0.23824990571241178, 'l1_ratio': 0.8077910862901561}",0.5186559946146296,0.5042217077903675,0.571318292340049,0.5313986649150154,0.028835968850799195,38
117,0.0016662279764811199,0.0004713149720391039,0.0007461706797281901,0.0005361235463367059,0.8949782878860116,0.0432228920796468,"{'alpha': 0.8949782878860116, 'l1_ratio': 0.0432228920796468}",0.2895421086597513,0.3403972252064973,0.33526515380065813,0.32173482922230223,0.022859906417751385,198
118,0.0023015340169270835,0.00023747291045033236,0.0006812413533528646,0.00048215213974626443,0.301946836262719,0.9805821985942876,"{'alpha': 0.301946836262719, 'l1_ratio': 0.9805821985942876}",0.5198022516085039,0.5119632729068957,0.5945494020341503,0.5421049755165166,0.03722164067083981,21
119,0.001336495081583659,0.0004682818204079711,0.0007436275482177734,0.000534147264983136,0.5395048225537353,0.6263093617098563,"{'alpha': 0.5395048225537353, 'l1_ratio': 0.6263093617098563}",0.47929366880884583,0.4601062828593018,0.48591040502782623,0.47510345223199124,0.010943235854253951,116
120,0.002553542455037435,0.000518542827780721,0.0008351802825927734,0.00022995526542948148,0.0055454084069045395,0.48490944344255926,"{'alpha': 0.0055454084069045395, 'l1_ratio': 0.48490944344255926}",0.5054932682246949,0.524560889194053,0.6197999338474172,0.5499513637553883,0.05000007066850722,9
121,0.0028333663940429688,0.0011993802647690642,0.0003490447998046875,0.0004936238897595909,0.9883285346223875,0.3751855274827981,"{'alpha': 0.9883285346223875, 'l1_ratio': 0.3751855274827981}",0.3262479699768611,0.3625856509166533,0.3658005663782363,0.35154472909058354,0.017935596572171898,189
122,0.002000013987223307,1.0721474936192862e-06,0.0006669362386067709,0.0004716009225517741,0.09703815863886123,0.4619087615684484,"{'alpha': 0.09703815863886123, 'l1_ratio': 0.4619087615684484}",0.5170994455418241,0.5162982833311438,0.5744578728802286,0.5359518672510655,0.02722982209951451,30
123,0.0016692479451497395,0.00047667378699883605,0.0011703968048095703,0.00024024273489561053,0.9630044659922582,0.34183061356501643,"{'alpha': 0.9630044659922582, 'l1_ratio': 0.34183061356501643}",0.3254850762204753,0.3618337650503257,0.36467660919990863,0.3506651501569032,0.017842786279010855,190
124,0.0020570755004882812,8.17816272690587e-05,0.0010047753651936848,7.19569584173533e-06,0.7989227332150132,0.7988463312130619,"{'alpha': 0.7989227332150132, 'l1_ratio': 0.7988463312130619}",0.4709584610537516,0.4460503019792297,0.48085667124562537,0.4659551447595356,0.01464344485500024,122
125,0.001574118932088216,0.0004978940473471118,0.0011390844980875652,0.0002564983068740106,0.20824829673893663,0.44336770180121177,"{'alpha': 0.20824829673893663, 'l1_ratio': 0.44336770180121177}",0.5128703296103001,0.4897072513843993,0.5343016248551442,0.5122930686166146,0.018210152095341256,55
126,0.0025199254353841147,0.0004115428048673409,0.0006654262542724609,0.0004705282322280923,0.7156012751543048,0.41051978541392786,"{'alpha': 0.7156012751543048, 'l1_ratio': 0.41051978541392786}",0.4031004503811627,0.40558284563816316,0.4203877477739507,0.4096903479310922,0.007631790707362927,160
127,0.0020009676615397134,1.1069288474070324e-06,0.0003337860107421875,0.0004720447033220132,0.19100695537042112,0.9674943068064185,"{'alpha': 0.19100695537042112, 'l1_ratio': 0.9674943068064185}",0.5165601610745137,0.5213401886110107,0.6025106818503405,0.5468036771786217,0.03943910870302554,16
128,0.0021736621856689453,0.0010351922933426363,0.0006670951843261719,0.0004717078900507154,0.6507503664762934,0.8654598515228994,"{'alpha': 0.6507503664762934, 'l1_ratio': 0.8654598515228994}",0.5016362341367884,0.4578076994179703,0.5166394541354087,0.49202779589672246,0.02496044076591437,92
129,0.0033188660939534507,0.0008151137874735989,0.0013387203216552734,0.00046939397104687314,0.025242357799643678,0.26690581479113473,"{'alpha': 0.025242357799643678, 'l1_ratio': 0.26690581479113473}",0.5119132003861765,0.5279737617848458,0.605062616652711,0.5483165262745778,0.04065771339703005,13
130,0.002257188161214193,0.00021608075740157422,0.0011707146962483723,0.00023985156586121622,0.5020711003267428,0.06744863513005173,"{'alpha': 0.5020711003267428, 'l1_ratio': 0.06744863513005173}",0.4115282474730608,0.40815339429967257,0.4204361620998597,0.41337260129086434,0.005181237108533262,154
131,0.0018112659454345703,0.0002961544573799042,0.000996987024943034,1.720289134012723e-05,0.9930332610947917,0.2364623961980289,"{'alpha': 0.9930332610947917, 'l1_ratio': 0.2364623961980289}",0.29706203963250055,0.34578983178957956,0.3432944248702463,0.32871543209744214,0.022405500884499763,196
132,0.001842180887858073,0.0006304326245195005,0.0006670951843261719,0.00047172054296379607,0.37429218234544803,0.21401191490834626,"{'alpha': 0.37429218234544803, 'l1_ratio': 0.21401191490834626}",0.467050297230859,0.4459140307842362,0.4670864817542265,0.4600169365897739,0.009972271270873544,128
133,0.0013320446014404297,0.00047205148690888834,0.0008360544840494791,0.0006270607863348497,0.10544586610545081,0.23247978560423577,"{'alpha': 0.10544586610545081, 'l1_ratio': 0.23247978560423577}",0.5168806228809983,0.5085484547478901,0.5562613094837768,0.5272301290375552,0.020808064702984935,43
134,0.002008358637491862,1.1378226769721402e-05,0.0007217725118001302,0.0005145941369254259,0.3006101355032047,0.6344422678994391,"{'alpha': 0.3006101355032047, 'l1_ratio': 0.6344422678994391}",0.5114066263770674,0.48363040175725747,0.5325165112280472,0.5091845131207907,0.020019428318349488,65
135,0.00317533810933431,0.00025063696350409323,0.001999060312906901,0.0021597224803213597,0.2812347814529085,0.36227676097657624,"{'alpha': 0.2812347814529085, 'l1_ratio': 0.36227676097657624}",0.4996861063663436,0.47664457026147344,0.5060431086523578,0.4941245950933916,0.012629761692379742,88
136,0.0026235580444335938,0.0004426658117819463,0.0011914571126302083,0.00022585227551317916,0.005942843723529823,0.36571912592736455,"{'alpha': 0.005942843723529823, 'l1_ratio': 0.36571912592736455}",0.5060276510517778,0.5252491902723534,0.6191843610445729,0.5501537341229014,0.04943876672141192,6
137,0.0020797252655029297,0.0001042608199238938,0.0009259382883707682,0.00011121186761686278,0.5338859816982946,0.1620158370505309,"{'alpha': 0.5338859816982946, 'l1_ratio': 0.1620158370505309}",0.41388511090192126,0.4100802323111117,0.4236994301314444,0.4158882577814924,0.005737600275561826,152
138,0.0020030339558919272,6.184602247347424e-06,0.0011702378590901692,0.0002403565428086732,0.597433108360375,0.29315246862717936,"{'alpha': 0.597433108360375, 'l1_ratio': 0.29315246862717936}",0.4144566965062706,0.41130522601957675,0.42655600562814033,0.4174393093846625,0.0065736116077342085,150
139,0.002058267593383789,8.092218328973618e-05,0.0010044574737548828,7.440799014247529e-06,0.6320504948017279,0.026196605250843774,"{'alpha': 0.6320504948017279, 'l1_ratio': 0.026196605250843774}",0.36396108849139597,0.38054089693968585,0.38626671908466204,0.37692290150524793,0.009458777484908639,179
140,0.0020693143208821616,0.00010193917759834903,0.0009291966756184896,9.986035999451926e-05,0.8875934604677749,0.016118630423373914,"{'alpha': 0.8875934604677749, 'l1_ratio': 0.016118630423373914}",0.2873619585636028,0.33907360600502134,0.33372704042395707,0.32005420166419374,0.023219725954300968,199
141,0.002127408981323242,0.000200437011987751,0.0010139147440592449,2.3497102192815166e-05,0.12695803103596137,0.7771624615706022,"{'alpha': 0.12695803103596137, 'l1_ratio': 0.7771624615706022}",0.5168047947542591,0.5197710364806793,0.591536741287167,0.5427041908407019,0.034551055312631834,19
142,0.003004868825276693,0.0014182274662767847,0.0015036265055338542,0.00040737070046782095,0.04589523220217062,0.71099869359551,"{'alpha': 0.04589523220217062, 'l1_ratio': 0.71099869359551}",0.5117382205222841,0.5271864357685592,0.6080725459365628,0.5489990674091353,0.04224467412247871,11
143,0.002176205317179362,0.00024653144624996274,0.0009977022806803386,2.3788817003720227e-06,0.9710461405101289,0.8716829331423073,"{'alpha': 0.9710461405101289, 'l1_ratio': 0.8716829331423073}",0.46731595318084884,0.43170614877640745,0.47850780420441963,0.4591766353872253,0.019954700504054894,130
144,0.0020595391591389975,7.367155527017163e-05,0.0010019938151041667,5.8573168985647456e-06,0.7101616513206985,0.9585097430216668,"{'alpha': 0.7101616513206985, 'l1_ratio': 0.9585097430216668}",0.5131150123574156,0.45154155245465155,0.5356701164430884,0.5001088937517185,0.035555338657537044,80
145,0.0019296805063883464,0.00010210892477800491,0.001332680384318034,0.0004719323518753975,0.42981333788658194,0.8728789143218073,"{'alpha': 0.42981333788658194, 'l1_ratio': 0.8728789143218073}",0.5163634789650295,0.4776773908732559,0.5518360595786989,0.5152923098056614,0.030284623035097064,52
146,0.001995722452799479,1.7520476412450124e-05,0.0011858940124511719,0.00023095193160994293,0.3559576679736146,0.9297636529038468,"{'alpha': 0.3559576679736146, 'l1_ratio': 0.9297636529038468}",0.5202637467247324,0.4979849790521117,0.5768863093982877,0.5317116783917106,0.033212912520965386,37
147,0.002080122629801432,0.00010394837389918196,0.0010944207509358723,0.00030945055938613264,0.1487776562421036,0.9400290149282735,"{'alpha': 0.1487776562421036, 'l1_ratio': 0.9400290149282735}",0.5152729212346642,0.5235694666353082,0.6032006190872339,0.5473476689857354,0.03963897234352907,15
148,0.001998265584309896,5.947204250930057e-07,0.0011710325876871746,0.000239804083332458,0.8327161972832127,0.8460548381964641,"{'alpha': 0.8327161972832127, 'l1_ratio': 0.8460548381964641}",0.4780643295795951,0.44327165475735864,0.48824795294345347,0.46986131242680235,0.019255890309857356,120
149,0.0020046234130859375,5.0613668213178815e-06,0.0010003248850504558,1.6783644423439406e-06,0.12392300992394434,0.596486898341737,"{'alpha': 0.12392300992394434, 'l1_ratio': 0.596486898341737}",0.5174827671313946,0.5144446225302137,0.5747376338743879,0.535555007845332,0.027734049079955296,31
150,0.0020565191904703775,8.216402213769289e-05,0.0010039011637369792,7.860183227270808e-06,0.01639248087593137,0.7211843660506068,"{'alpha': 0.01639248087593137, 'l1_ratio': 0.7211843660506068}",0.5076141828523265,0.5260882870428957,0.6174582671193656,0.5503869123381959,0.04802255099115518,3
151,0.002508083979288737,0.00040754592166751145,0.0010013580322265625,1.9756639631042564e-06,0.007737514125903955,0.08482227744523363,"{'alpha': 0.007737514125903955, 'l1_ratio': 0.08482227744523363}",0.5076927739204949,0.5270455041860294,0.6166104812463206,0.5504495864509483,0.04744526700859895,1
152,0.0025995572408040366,0.0006586917345565825,0.0009240309397379557,0.00010988179806163243,0.2254984104500236,0.8751245338732246,"{'alpha': 0.2254984104500236, 'l1_ratio': 0.8751245338732246}",0.5189083746467777,0.5110261297422907,0.5852619198747153,0.538398808087928,0.03329310119668716,24
153,0.001665353775024414,0.0004738999743071063,0.0011703173319498699,0.00024030458685229332,0.36357631798761336,0.5399599352125585,"{'alpha': 0.36357631798761336, 'l1_ratio': 0.5399599352125585}",0.49824874223827564,0.4766999276174565,0.5065887002376311,0.4938457900311211,0.01259296558371619,89
154,0.0016672611236572266,0.00047120225894440053,0.0007205804189046224,0.0005139471556504878,0.5681032138189784,0.22546336030595993,"{'alpha': 0.5681032138189784, 'l1_ratio': 0.22546336030595993}",0.41260167145496396,0.40969802035710823,0.4239108639513245,0.4154035185877989,0.006131285415813178,153
155,0.002270778020222982,0.000526635010638999,0.0023321310679117837,0.0018845261090395407,0.5721467679844612,0.6609517950296032,"{'alpha': 0.5721467679844612, 'l1_ratio': 0.6609517950296032}",0.47901236273179015,0.46058487686106653,0.48629163632329886,0.47529629197205187,0.010818695452188446,115
156,0.002461036046346029,0.00041220769707346367,0.0013802051544189453,0.0008253565220636106,0.29824539331732947,0.41862685898002594,"{'alpha': 0.29824539331732947, 'l1_ratio': 0.41862685898002594}",0.5001090748848602,0.4775736615457654,0.5074404294632557,0.4950410552979605,0.012708778419114011,86
157,0.002172072728474935,0.0002386659557419824,0.0010023911794026692,8.541761298207856e-06,0.45308892454613003,0.9323506615420816,"{'alpha': 0.45308892454613003, 'l1_ratio': 0.9323506615420816}",0.5192849310506398,0.48274077682437744,0.5644630787453371,0.5221629288734514,0.033424998742619796,48
158,0.002665996551513672,0.0009435836896434366,0.00033362706502278644,0.0004718199201299551,0.5874937474795024,0.9482523716181412,"{'alpha': 0.5874937474795024, 'l1_ratio': 0.9482523716181412}",0.516852722320517,0.4621720436947636,0.5502798165013079,0.5097681941721962,0.03631700989477399,64
159,0.002174854278564453,0.0008531233774284812,0.0006659825642903646,0.00047092336243659597,0.5560347537651469,0.5005614208491012,"{'alpha': 0.5560347537651469, 'l1_ratio': 0.5005614208491012}",0.4573525788386057,0.44127986020118604,0.4634638596244621,0.4540320995547513,0.009355983632907808,134
160,0.0027221043904622397,0.0003884815638679183,0.0010055700937906902,6.676666253283253e-06,0.003532210966248339,0.4808890438749621,"{'alpha': 0.003532210966248339, 'l1_ratio': 0.4808890438749621}",0.5046325627687946,0.5235492279829773,0.6205266860413137,0.5495694922643619,0.050765162380194566,10
161,0.0018421014149983723,0.0006340730145690883,0.0010009606679280598,1.959614436775518e-06,0.9274549985626518,0.19836568902671914,"{'alpha': 0.9274549985626518, 'l1_ratio': 0.19836568902671914}",0.3068653950623661,0.3506717329237786,0.34948828505631946,0.3356751376808214,0.02037729274658401,194
162,0.002841472625732422,0.0002238840592898691,0.0010023117065429688,2.368237880985155e-06,0.05209113438949886,0.40677889347386853,"{'alpha': 0.05209113438949886, 'l1_ratio': 0.40677889347386853}",0.5147603508050571,0.5247393695478129,0.5929831411482922,0.5441609538337208,0.03476204524479149,18
163,0.0023336410522460938,0.0004705275073815209,0.000410159428914388,0.000580053027105931,0.372396480594112,0.8571530578712436,"{'alpha': 0.372396480594112, 'l1_ratio': 0.8571530578712436}",0.5174900851799717,0.4858747924371887,0.557171240340506,0.5201787059858888,0.029168674776046063,50
164,0.002561171849568685,0.0010532017488939318,0.0010098616282145183,7.025149069026173e-06,0.02661111555995954,0.9201492297590049,"{'alpha': 0.02661111555995954, 'l1_ratio': 0.9201492297590049}",0.507701327153463,0.5250544392676826,0.618078754279246,0.5502781735667971,0.04846284957725269,5
165,0.002664645512898763,0.00047007794108405704,0.0010005633036295574,1.798265536464812e-06,0.6809029989949564,0.9042259940642177,"{'alpha': 0.6809029989949564, 'l1_ratio': 0.9042259940642177}",0.505569761053505,0.4540220589527646,0.5229831524839583,0.49419165749674265,0.02928030095093308,87
166,0.0021721522013346353,0.00024232754078850512,0.0013364156087239583,0.0004668149053278685,0.6075290708206388,0.8119533124361243,"{'alpha': 0.6075290708206388, 'l1_ratio': 0.8119533124361243}",0.4974395911576136,0.4616842182297569,0.5102084381044338,0.48977741583060147,0.02053747268885022,97
167,0.0022513866424560547,0.00020587689349113827,0.0009235541025797526,0.00012068099632423927,0.33554387353928616,0.34956622802755977,"{'alpha': 0.33554387353928616, 'l1_ratio': 0.34956622802755977}",0.4883062985680199,0.4647100130500593,0.4908326549677592,0.48128298886194615,0.011764162092577746,105
168,0.002334435780843099,0.00047131537405897025,0.0003337860107421875,0.0004720447033220132,0.3898742303282924,0.7547970815727832,"{'alpha': 0.3898742303282924, 'l1_ratio': 0.7547970815727832}",0.5110276876724453,0.47796719018492473,0.533696743545274,0.5075638738008813,0.022882952669889912,68
169,0.0025401910146077475,0.0007614530879805667,0.0025080045064290366,0.0014837855631278764,0.3692911744286478,0.24221980649226726,"{'alpha': 0.3692911744286478, 'l1_ratio': 0.24221980649226726}",0.47105690955671375,0.4491923166051751,0.47123876097377293,0.4638293290452206,0.010350197014614627,124
170,0.0021747748057047525,0.0002448452660697836,0.0010039806365966797,6.7547255709571135e-06,0.9376683567905958,0.9080110836630401,"{'alpha': 0.9376683567905958, 'l1_ratio': 0.9080110836630401}",0.4827497354132201,0.43686859983867,0.4928023342609381,0.47080688983760943,0.02434638004491795,119
171,0.002206881841023763,0.00022570608365167586,0.000671227773030599,0.00047463992975794566,0.34879731608699105,0.6346380702580473,"{'alpha': 0.34879731608699105, 'l1_ratio': 0.6346380702580473}",0.5068707910501793,0.4799785165772812,0.5224386159794111,0.5030959745356238,0.017538565887753547,76
172,0.0013457139333089192,0.00048463647178770324,0.0006781419118245443,0.0004797747381114452,0.27384221165307576,0.20611512871356907,"{'alpha': 0.27384221165307576, 'l1_ratio': 0.20611512871356907}",0.4919788398522559,0.46736841027398446,0.4935332335769773,0.48429349456773924,0.011984653901994593,102
173,0.00200502077738444,4.4660636006123595e-06,0.0009985764821370442,2.570305129495657e-06,0.3363395289967944,0.3270998926155012,"{'alpha': 0.3363395289967944, 'l1_ratio': 0.3270998926155012}",0.4863628663491161,0.46273264332714514,0.48826779747749416,0.4791211023845851,0.011614456031429278,107
174,0.0020546913146972656,7.67251090115736e-05,0.0010039011637369792,3.938519698258675e-06,0.8822761011966163,0.8223038147237254,"{'alpha': 0.8822761011966163, 'l1_ratio': 0.8223038147237254}",0.46495636587035694,0.43918927466982327,0.47588038343571815,0.46000867465863277,0.015382221379731671,129
175,0.0016718705495198567,0.00047703319069802933,0.0010689099629720051,0.00010094642514025753,0.7096232285590979,0.9593452252588969,"{'alpha': 0.7096232285590979, 'l1_ratio': 0.9593452252588969}",0.5132790985344364,0.45160093055313566,0.5360289690254753,0.5003029993710157,0.03566798547900631,79
176,0.0025096734364827475,0.0007179576209986242,0.0003330707550048828,0.0004710331789577517,0.42254335310805813,0.24503303855567626,"{'alpha': 0.42254335310805813, 'l1_ratio': 0.24503303855567626}",0.4569879834064904,0.4386768458115018,0.45859448858525154,0.4514197726010812,0.009034447118142969,137
177,0.002331813176472982,0.00047131706253866426,0.0006685256958007812,0.000472721618177299,0.11739843719148924,0.3010533582011998,"{'alpha': 0.11739843719148924, 'l1_ratio': 0.3010533582011998}",0.5168434462250759,0.5071138360107765,0.5551425834179454,0.5263666218845993,0.02073175182109175,44
178,0.004354794820149739,0.0019293585802499522,0.0013344287872314453,0.0012473203478235793,0.14526373397045378,0.09218609736837002,"{'alpha': 0.14526373397045378, 'l1_ratio': 0.09218609736837002}",0.5122544821884215,0.4932187382863298,0.5297836667532835,0.5117522957426782,0.014931792521731973,58
179,0.0033915837605794272,0.0013246766594483964,0.0010059674580891926,0.0008234533024153786,0.6029321967069232,0.3641874497564469,"{'alpha': 0.6029321967069232, 'l1_ratio': 0.3641874497564469}",0.42429952777124824,0.41793330494585557,0.43510556314999016,0.4257794652890314,0.007088219064042035,148
180,0.0021706422170003257,0.00024338635619698288,0.0013383229573567708,0.00046934198953218375,0.5645703425961436,0.1913357207205566,"{'alpha': 0.5645703425961436, 'l1_ratio': 0.1913357207205566}",0.4086868112311952,0.4071288681639237,0.4204741872150549,0.41209662220339127,0.00595787956092339,156
181,0.003001610438028971,0.0014165284469848831,0.0006647109985351562,0.00047002201740696726,0.6769058596527606,0.2155054472756598,"{'alpha': 0.6769058596527606, 'l1_ratio': 0.2155054472756598}",0.37921490074395103,0.39018750764549015,0.40045076904802146,0.3899510591458209,0.008671118981104366,171
182,0.002761363983154297,0.0006150008056671627,0.0010827382405598958,0.0001176516708893403,0.27802359374403607,0.7417604221448768,"{'alpha': 0.27802359374403607, 'l1_ratio': 0.7417604221448768}",0.5166502241294892,0.4922752506960394,0.552743878557767,0.5205564511277653,0.02484025893439343,49
183,0.0022026697794596353,0.00022698403163863757,0.0010083516438802083,7.469603308047728e-06,0.5597378956447119,0.33483641286701926,"{'alpha': 0.5597378956447119, 'l1_ratio': 0.33483641286701926}",0.4312197228674244,0.4220307276697811,0.43962895019389814,0.4309598002437012,0.007186794780699172,143
184,0.002667506535847982,0.00046940641722892585,0.0016682147979736328,0.0009425752610666235,0.5429887825451936,0.6939847028582425,"{'alpha': 0.5429887825451936, 'l1_ratio': 0.6939847028582425}",0.4882919397680201,0.465299009249196,0.4968644402604193,0.48348512975921176,0.013327244665887986,103
185,0.001832723617553711,0.0006268198411853044,0.001175244649251302,0.00023598544686840063,0.912132121477629,0.5807132133944539,"{'alpha': 0.912132121477629, 'l1_ratio': 0.5807132133944539}",0.39337536334518075,0.402250943624034,0.41609328985648686,0.40390653227523393,0.009348146931514022,162
186,0.002592802047729492,0.0006625696782423541,0.001083691914876302,0.00023388691133645461,0.2326863788928809,0.7466976307764965,"{'alpha': 0.2326863788928809, 'l1_ratio': 0.7466976307764965}",0.5179676012201582,0.5010060432910541,0.5630017258890114,0.5273251234667412,0.026160257161620043,42
187,0.00258787473042806,0.0004308326124536405,0.0013340314229329426,0.00046811099746099644,0.7777690175547075,0.200401314962654,"{'alpha': 0.7777690175547075, 'l1_ratio': 0.200401314962654}",0.3478234036192084,0.37268678512824704,0.3781632212690632,0.36622447000550623,0.013202203637166392,184
188,0.002002875010172526,9.665677258498364e-06,0.0009999275207519531,0.0,0.820574219677886,0.4649348547228265,"{'alpha': 0.820574219677886, 'l1_ratio': 0.4649348547228265}",0.38774869877689566,0.3973188617552561,0.4100516573242359,0.3983730726187959,0.009135608368711154,167
189,0.0020057360331217446,6.8558873577720964e-06,0.0008396307627360026,0.0006274983248639095,0.7797666620889452,0.2374782199882659,"{'alpha': 0.7797666620889452, 'l1_ratio': 0.2374782199882659}",0.35376480735593097,0.37620149417198134,0.3828091339677392,0.3709251451652172,0.012430422926949129,183
190,0.0021823247273763022,0.0004766529177663874,0.001008749008178711,4.046097457045827e-06,0.3325802697176764,0.9536971192916528,"{'alpha': 0.3325802697176764, 'l1_ratio': 0.9536971192916528}",0.5205673831735657,0.5048561027643732,0.5851748123855149,0.5368660994411513,0.034756389271420454,26
191,0.0020682811737060547,0.0008220823576810291,0.001035133997599284,3.879773522923249e-05,0.657815073149805,0.7728778305015418,"{'alpha': 0.657815073149805, 'l1_ratio': 0.7728778305015418}",0.4850456509411788,0.45736891463911566,0.494305911104056,0.47890682556145014,0.015691809110591287,108
192,0.0019985834757486978,1.4610907483776596e-06,0.0005074342091878256,0.000717620340645489,0.6883743432206291,0.20430411784843272,"{'alpha': 0.6883743432206291, 'l1_ratio': 0.20430411784843272}",0.3740464543937876,0.38720107184647057,0.3967040810602994,0.38598386910018584,0.009289894094621649,174
193,0.0012393792470296223,0.0006229781006798866,0.0007278919219970703,0.00051951231495902,0.4706887484465426,0.808963872711785,"{'alpha': 0.4706887484465426, 'l1_ratio': 0.808963872711785}",0.509274993801029,0.4721473653118796,0.5306575172440251,0.5040266254523112,0.024173242749281745,73
194,0.002033710479736328,1.6048008694290835e-05,0.0010035037994384766,5.735276080026218e-06,0.6750351269093718,0.006027885653297926,"{'alpha': 0.6750351269093718, 'l1_ratio': 0.006027885653297926}",0.3475697690267199,0.3713981629735572,0.3746894986901582,0.36455247689681175,0.012083528669239632,185
195,0.0021386146545410156,9.890262486104989e-05,0.0010715325673421223,9.34350078489797e-05,0.0874077426528228,0.3467947202135594,"{'alpha': 0.0874077426528228, 'l1_ratio': 0.3467947202135594}",0.5170293879609338,0.5159509440188179,0.5715509678569082,0.53484376661222,0.025959644678456878,34
196,0.0018066565195719402,0.0005931331752738314,0.0007994969685872396,0.0005886122038005289,0.9443655396185902,0.4911904809745835,"{'alpha': 0.9443655396185902, 'l1_ratio': 0.4911904809745835}",0.3635834784717712,0.38414874234451735,0.3935763033236388,0.38043617471330915,0.012522772708441293,176
197,0.0015822251637776692,0.00030491840002681473,0.0013063748677571614,4.259641489501024e-05,0.27017626743033374,0.3604237194537099,"{'alpha': 0.27017626743033374, 'l1_ratio': 0.3604237194537099}",0.5014922337991503,0.4787828265240177,0.5088429207164331,0.4963726603465337,0.012794786437367735,85
198,0.0017804304758707683,0.000179792306070878,0.0011455217997233074,0.0002596051243493853,0.21065262755406322,0.42120005717001263,"{'alpha': 0.21065262755406322, 'l1_ratio': 0.42120005717001263}",0.5120366172991825,0.48881845495485066,0.5315272825321773,0.5107941182620701,0.01745792735216818,59
199,0.002349694569905599,0.00024012482245947735,0.0010039011637369792,5.224698357230377e-06,0.21803543954947457,0.8457525073029277,"{'alpha': 0.21803543954947457, 'l1_ratio': 0.8457525073029277}",0.5187718612473093,0.5100404262491518,0.5817197522646996,0.5368440132537202,0.03193152520752195,27
