Iteracja;estimator__loss;estimator__max_depth;estimator__subsample;estimator__learning_rate;estimator__max_features;estimator__n_estimators;estimator__min_samples_split;Srednia dokladnosc;Czas
1;log_loss;9;0.2;0.045929202883612456;0.6500000000000001;4851;64;0.875314440162706;26.370603847503663
2;log_loss;13;0.8;0.004556754060844206;0.6000000000000001;801;8;0.9000695782487689;27.512013101577757
3;exponential;5;0.7000000000000001;0.045929202883612456;0.25;1701;4;0.8882709805180904;8.29542579650879
4;log_loss;7;0.9;0.002109491677524035;0.5;3351;64;0.8780943588096767;44.73833284378052
5;exponential;11;0.1;0.004556754060844206;0.3;1251;4;0.8593566688075359;5.032149076461792
6;log_loss;11;0.9;0.46293735614364534;0.5;1401;8;0.8977561014771996;4.051627254486084
7;log_loss;7;0.5;1.0;0.25;4251;4;0.6419219653179191;24.650056982040404
8;log_loss;11;0.2;0.045929202883612456;0.1;1201;2;0.8938217191179618;8.337953901290893
9;log_loss;13;0.4;0.002109491677524035;0.9500000000000001;2701;16;0.8891963712267181;54.75208578109741
10;exponential;5;0.8;0.0098431332023037;0.8;3701;2;0.8797117854849068;62.675374031066895
11;exponential;3;0.8;0.004556754060844206;0.6000000000000001;1401;8;0.8473300685078142;11.344813203811645
12;exponential;11;0.9;0.46293735614364534;0.5;4001;8;0.9005306679511882;5.983207035064697
13;log_loss;13;0.6;0.09921256574801249;0.8500000000000001;3051;32;0.8912791693427533;33.371921634674074
14;exponential;11;0.30000000000000004;0.46293735614364534;0.8500000000000001;2901;4;0.8894294583600942;7.98389458656311
15;exponential;11;0.30000000000000004;0.46293735614364534;0.8500000000000001;3951;16;0.8801744808392208;10.569096326828003
16;log_loss;13;0.8;0.004556754060844206;0.35000000000000003;351;8;0.8931304859773068;6.159988594055176
17;exponential;1;0.4;0.21431099571326834;0.6500000000000001;2101;2;0.8174860843502462;4.108996486663818
18;log_loss;1;0.5;0.002109491677524035;0.35000000000000003;3451;64;0.790887657889103;4.523714256286621
19;log_loss;9;0.5;0.045929202883612456;0.8;2251;64;0.8836453650181972;39.23342113494873
20;log_loss;5;0.2;0.21431099571326834;0.5;3851;64;0.647656015842432;11.233200931549073
21;exponential;3;0.9;0.46293735614364534;0.7000000000000001;4001;32;0.8695322200813529;35.48048701286316
22;log_loss;7;0.30000000000000004;0.21431099571326834;0.15000000000000002;3351;64;0.7268004709912225;10.59647331237793
23;exponential;5;0.9;0.09921256574801249;0.3;4001;2;0.8889651573538856;23.534425497055054
24;log_loss;3;0.5;0.045929202883612456;0.8;4101;2;0.8727713551701992;28.283695030212403
25;log_loss;7;0.2;0.09921256574801249;0.7000000000000001;4951;8;0.888965692571184;22.766070127487183
26;exponential;11;0.5;0.021262343752724643;0.6500000000000001;4051;64;0.8824884928280881;63.47475323677063
27;log_loss;3;0.7000000000000001;0.09921256574801249;0.9000000000000001;3051;16;0.8690679190751445;28.191483974456787
28;log_loss;7;0.9;0.0009765625;0.3;901;128;0.8029142581888248;6.394475841522217
29;log_loss;3;0.2;0.021262343752724643;0.25;3751;4;0.8704594840505244;5.520985460281372
30;exponential;9;0.9;0.46293735614364534;0.5;551;8;0.8963672125883109;4.637121915817261
31;log_loss;1;0.6;0.0098431332023037;0.8500000000000001;1351;32;0.8015277777777777;4.3188060283660885
32;exponential;11;0.30000000000000004;0.045929202883612456;0.8;2351;16;0.8880400342539071;32.38599796295166
33;exponential;5;1.0;0.46293735614364534;0.5;901;8;0.8868850353243417;9.924764108657836
34;exponential;13;0.30000000000000004;0.09921256574801249;0.7000000000000001;1601;8;0.8908167415970885;19.024652433395385
35;exponential;13;0.9;0.46293735614364534;0.5;2451;8;0.8966005673303361;4.441064548492432
36;exponential;11;0.9;0.045929202883612456;0.1;2701;64;0.8887344786983515;29.571318674087525
37;log_loss;13;0.9;0.004556754060844206;0.3;751;64;0.8841088631984586;8.780741310119629
38;log_loss;9;0.1;0.004556754060844206;0.6500000000000001;3451;4;0.8831821344465853;14.713924980163574
39;exponential;5;0.9;0.002109491677524035;0.9500000000000001;2401;32;0.8688417897666453;44.82719054222107
40;exponential;11;0.9;0.46293735614364534;0.8;1051;4;0.8905863305502034;7.011407279968262
41;exponential;7;0.2;0.46293735614364534;0.5;4751;8;0.8848025048169557;7.606618022918701
42;exponential;13;0.8;0.002109491677524035;0.5;351;8;0.8440928066795118;9.417481422424316
43;log_loss;13;0.1;0.004556754060844206;0.9500000000000001;1801;4;0.8785567865553414;12.377880001068116
44;log_loss;15;0.6;0.004556754060844206;0.6000000000000001;3751;8;0.8982187968315136;109.18951692581177
45;log_loss;11;0.9;0.004556754060844206;0.6000000000000001;501;8;0.8954447655748234;16.71054048538208
46;log_loss;7;0.30000000000000004;0.045929202883612456;0.1;1851;64;0.8794808392207235;5.671335077285766
47;log_loss;11;0.9;0.46293735614364534;0.7500000000000001;2251;4;0.8952116784414471;5.768070363998413
48;exponential;7;0.2;0.045929202883612456;0.1;2251;128;0.872770819952901;4.592196989059448
49;log_loss;11;0.7000000000000001;0.004556754060844206;0.6000000000000001;4051;16;0.8959055876685934;96.9761167049408
50;log_loss;5;0.8;0.004556754060844206;0.6000000000000001;4551;8;0.878555448512096;58.89512672424316
51;log_loss;1;1.0;0.46293735614364534;0.5;51;4;0.808930368229501;0.15051031112670898
52;log_loss;1;0.2;0.004556754060844206;0.6000000000000001;1601;8;0.7938947762791694;2.1253703594207765
53;log_loss;11;0.8;0.021262343752724643;0.8;401;8;0.8963690858488546;14.661830282211303
54;exponential;15;0.9;0.0009765625;0.4;1051;8;0.8794835153072146;35.099638891220096
55;exponential;15;0.4;0.09921256574801249;0.8500000000000001;301;8;0.8910479554699208;7.594925880432129
56;log_loss;13;0.8;0.46293735614364534;0.25;301;8;0.8991447227574396;1.8447081089019775
57;exponential;15;0.9;0.021262343752724643;0.9000000000000001;2151;8;0.8977587775636909;108.17012443542481
58;log_loss;11;0.8;0.045929202883612456;0.9500000000000001;3751;8;0.8977566366944979;60.46217288970947
59;exponential;15;0.9;0.46293735614364534;0.45;1101;8;0.8989143117105545;3.4217121601104736
60;log_loss;15;0.8;0.021262343752724643;0.6500000000000001;901;8;0.8996082209377008;34.38422813415527
61;log_loss;15;0.8;0.46293735614364534;0.7000000000000001;851;8;0.8954434275315778;3.875184965133667
62;log_loss;7;0.4;0.021262343752724643;0.2;3151;8;0.8938222543352602;14.538164329528808
63;log_loss;7;0.8;0.004556754060844206;0.8;2251;8;0.8868845001070434;52.895231580734254
64;log_loss;13;0.8;0.021262343752724643;0.3;251;8;0.8972944765574823;4.152837324142456
65;exponential;9;0.9;0.021262343752724643;0.2;4351;8;0.893130753585956;48.648496580123904
66;log_loss;11;0.8;0.09921256574801249;0.4;151;8;0.8947484478698351;3.1401180744171144
67;log_loss;11;0.4;0.0098431332023037;0.9500000000000001;801;8;0.8926672554056948;15.0878324508667
68;exponential;15;0.9;0.045929202883612456;0.7000000000000001;4901;8;0.8989145793192035;40.25218706130981
69;exponential;9;0.9;0.09921256574801249;0.9500000000000001;4751;8;0.8931318240205522;43.7773624420166
70;exponential;15;0.9;0.0098431332023037;0.9500000000000001;4751;8;0.8970640655105973;235.6709916114807
71;log_loss;9;0.30000000000000004;0.021262343752724643;0.7000000000000001;2251;8;0.8926659173624492;21.69307384490967
72;log_loss;15;0.30000000000000004;0.0098431332023037;0.8;1651;8;0.8922040248340826;30.87584991455078
73;log_loss;7;0.30000000000000004;0.46293735614364534;0.9000000000000001;3801;8;0.5181320916292014;37.02606611251831
74;log_loss;9;0.7000000000000001;0.045929202883612456;0.25;2301;8;0.8954436951402268;20.578623580932618
75;exponential;5;1.0;0.0009765625;0.8;1201;64;0.8392324983943482;24.349924278259277
76;exponential;11;0.5;0.21431099571326834;0.15000000000000002;1001;32;0.8901212267180476;6.000827598571777
77;exponential;3;0.4;0.46293735614364534;0.9000000000000001;651;16;0.8579667094840504;3.6656699180603027
78;exponential;5;0.7000000000000001;0.004556754060844206;0.35000000000000003;3851;16;0.8780930207664313;18.330267810821532
79;log_loss;7;0.5;0.21431099571326834;0.9000000000000001;4251;128;0.815199100834939;44.57320184707642
80;log_loss;9;0.4;0.46293735614364534;0.8;901;8;0.6389161849710984;13.753196811676025
81;log_loss;11;0.9;0.045929202883612456;0.7500000000000001;3851;8;0.8982217405266539;49.38089427947998
82;exponential;9;0.8;0.09921256574801249;0.45;251;8;0.8926667201883964;4.223129510879517
83;log_loss;15;0.9;0.021262343752724643;0.15000000000000002;1051;8;0.9003026653821452;20.833813619613647
84;log_loss;11;0.9;0.09921256574801249;0.45;901;8;0.8942881609933633;15.048075771331787
85;exponential;11;0.5;0.09921256574801249;0.2;4951;8;0.895903982016699;11.337665891647339
86;exponential;15;0.7000000000000001;0.09921256574801249;0.5;2801;8;0.8984518839648897;12.81487512588501
87;log_loss;9;0.6;0.045929202883612456;0.7500000000000001;1901;64;0.8866524834082637;30.587986612319945
88;log_loss;13;0.9;0.0098431332023037;0.2;4651;64;0.8878082851637764;57.192048692703246
89;exponential;13;0.2;0.002109491677524035;0.8;851;128;0.8283590237636481;4.8426929950714115
90;exponential;13;0.6;1.0;0.9000000000000001;4351;64;0.8820236566045814;9.364289140701294
91;exponential;13;0.6;0.46293735614364534;0.7000000000000001;1901;4;0.8942846820809249;4.9229968070983885
92;exponential;9;0.7000000000000001;0.46293735614364534;0.7500000000000001;2601;128;0.8810988011132521;16.5079523563385
93;log_loss;13;0.30000000000000004;0.045929202883612456;0.7500000000000001;801;8;0.8952103403982017;10.784916543960572
94;exponential;7;0.8;0.46293735614364534;0.8500000000000001;1301;2;0.8875770712909441;11.771444654464721
95;log_loss;15;0.30000000000000004;0.045929202883612456;0.8;4901;8;0.895441286662385;52.33256516456604
96;log_loss;13;0.2;0.0098431332023037;0.7000000000000001;4251;64;0.8808673196317706;28.991782712936402
97;log_loss;15;0.6;0.09921256574801249;0.55;301;8;0.897756636694498;6.542450046539306
98;exponential;13;1.0;0.004556754060844206;0.45;2101;8;0.8966011025476343;65.07363448143005
99;log_loss;3;0.5;0.0009765625;0.9000000000000001;801;16;0.7554932027403126;5.5211576461792
100;log_loss;7;0.6;0.021262343752724643;0.3;1201;4;0.892668058231642;7.529652881622314
101;exponential;15;1.0;1.0;0.7000000000000001;2651;8;0.8961373367587239;3.1932775497436525
102;exponential;9;0.7000000000000001;0.045929202883612456;0.7000000000000001;2251;8;0.8961381395846713;46.14705758094787
103;exponential;13;1.0;0.21431099571326834;0.25;3351;2;0.8975251552130163;5.846382761001587
104;exponential;5;0.1;1.0;0.6500000000000001;2901;128;0.8010664204667096;5.80281081199646
105;log_loss;3;0.2;1.0;0.5;4151;2;0.7016056518946693;9.391369009017945
106;exponential;11;0.6;0.09921256574801249;0.3;1501;8;0.8975248876043673;9.002398252487183
107;exponential;11;1.0;0.09921256574801249;0.7500000000000001;1951;8;0.8940580175551274;25.89397249221802
108;exponential;13;0.30000000000000004;0.045929202883612456;0.25;3601;8;0.8954423570969814;20.55634937286377
109;exponential;13;0.4;0.0098431332023037;0.2;2751;8;0.8954426247056304;26.954127502441406
110;exponential;13;0.30000000000000004;0.021262343752724643;0.5;3801;8;0.8949801969599658;38.17521805763245
111;exponential;7;0.6;0.09921256574801249;0.5;2701;2;0.8919736137871975;21.66701736450195
112;exponential;11;0.2;0.0098431332023037;0.5;2101;8;0.8866514129736673;13.867904901504517
113;exponential;7;0.5;0.021262343752724643;0.6000000000000001;2701;2;0.89150904517234;33.31982684135437
114;exponential;9;0.6;0.0098431332023037;0.5;1551;8;0.8952114108327981;20.359824419021606
115;log_loss;15;1.0;0.021262343752724643;0.2;2101;128;0.8843403446799399;29.27853932380676
116;exponential;7;0.8;0.0098431332023037;0.3;3601;32;0.888965960179833;25.41589002609253
117;log_loss;15;0.30000000000000004;0.002109491677524035;0.7500000000000001;401;8;0.8649106187111967;5.853943157196045
118;exponential;15;0.5;0.004556754060844206;0.5;1801;8;0.893824127595804;33.931471538543704
119;exponential;13;0.6;0.21431099571326834;0.3;4401;8;0.8968312459858702;6.693033838272095
120;exponential;9;0.7000000000000001;0.004556754060844206;0.3;2301;8;0.8928992721044743;21.539797687530516
121;exponential;1;0.1;0.46293735614364534;0.5;551;8;0.7948156176407621;0.46717281341552735
122;exponential;15;0.7000000000000001;0.21431099571326834;1.0;701;8;0.8970624598587026;11.916302919387817
123;exponential;9;0.1;0.21431099571326834;0.5;3701;8;0.8792469492614001;9.08388056755066
124;exponential;3;0.4;0.09921256574801249;0.5;4851;32;0.8732329800899166;15.854304981231689
125;log_loss;11;0.9;0.002109491677524035;0.8;4901;128;0.8762438450010703;172.49696130752562
126;log_loss;13;0.9;0.46293735614364534;0.2;1951;128;0.8857286983515307;6.005667734146118
127;exponential;7;0.7000000000000001;0.004556754060844206;0.7000000000000001;4601;8;0.890815671162492;73.7810128211975
128;exponential;5;0.6;0.021262343752724643;0.2;4001;8;0.8861889852280026;17.333224391937257
129;exponential;7;0.7000000000000001;0.21431099571326834;0.4;2801;32;0.8882723185613359;15.734179306030274
130;exponential;3;0.4;0.002109491677524035;0.6000000000000001;4351;32;0.8519546135731109;19.35090751647949
131;exponential;1;0.1;0.021262343752724643;0.25;4551;32;0.8170263326910726;3.3433287143707275
132;log_loss;5;0.7000000000000001;0.021262343752724643;0.4;2751;64;0.8771660244059089;21.865951013565063
133;exponential;3;0.7000000000000001;0.002109491677524035;0.35000000000000003;2651;8;0.8380766966388352;8.074890422821046
134;exponential;3;0.6;0.045929202883612456;0.9500000000000001;1251;32;0.8676825090986942;10.003644037246705
135;log_loss;13;0.9;0.09921256574801249;0.8;4451;8;0.8970648683365446;27.538462686538697
136;exponential;5;1.0;0.021262343752724643;0.05;1701;64;0.8773988439306357;10.089136171340943
137;exponential;15;0.7000000000000001;0.045929202883612456;0.35000000000000003;701;32;0.894750321130379;8.460980749130249
138;exponential;3;0.7000000000000001;0.0098431332023037;0.6000000000000001;3401;32;0.8658317276814387;24.33247208595276
139;exponential;13;0.9;0.0009765625;0.5;1301;8;0.8843414151145366;38.62122263908386
140;log_loss;7;0.30000000000000004;0.0009765625;0.2;4001;8;0.8727742988653393;15.371961164474488
141;exponential;1;0.9;0.21431099571326834;0.1;651;2;0.8209583065724685;1.0631073474884034
142;log_loss;13;0.7000000000000001;0.21431099571326834;0.6500000000000001;4251;128;0.8808702633269107;28.763042449951172
143;log_loss;9;0.4;1.0;0.1;1351;8;0.6555673303361165;8.699221897125245
144;exponential;7;0.7000000000000001;0.0009765625;0.9000000000000001;2851;8;0.8769374866195676;60.244255447387694
145;log_loss;13;0.30000000000000004;0.0009765625;0.05;1201;8;0.8709224470134874;9.388484477996826
146;log_loss;3;0.2;0.002109491677524035;0.8;2601;32;0.8440890601584243;8.263818168640137
147;log_loss;11;1.0;0.045929202883612456;0.15000000000000002;401;8;0.8963706915007492;6.054290723800659
148;exponential;9;0.9;0.0009765625;0.5;2451;8;0.8871162491971741;48.12668342590332
149;log_loss;9;0.2;0.0009765625;0.2;3301;4;0.8764753264825519;14.942962312698365
150;log_loss;3;0.1;0.21431099571326834;0.4;2701;16;0.4914975380004282;4.128646373748779
151;log_loss;5;0.4;0.045929202883612456;0.8;3401;8;0.8822551380860629;30.64290533065796
152;log_loss;11;0.8;0.0009765625;0.2;4151;8;0.8931320916292014;56.916819190979005
153;log_loss;15;0.2;0.0009765625;0.7500000000000001;2501;8;0.8783242346392635;24.871481084823607
154;log_loss;7;0.1;0.021262343752724643;0.55;851;8;0.8736991543566688;2.1687312602996824
155;exponential;9;0.2;0.021262343752724643;0.8;251;32;0.8679153286234211;1.848942470550537
156;log_loss;7;0.5;0.0098431332023037;0.8500000000000001;1051;64;0.8767057375294369;14.818467617034912
157;log_loss;7;0.30000000000000004;0.004556754060844206;0.7500000000000001;401;128;0.8470948405052452;2.3050179481506348
158;exponential;3;0.8;0.045929202883612456;0.6500000000000001;3051;16;0.8736986191393706;24.452005338668823
159;exponential;13;0.1;0.002109491677524035;0.6000000000000001;2251;8;0.8632891779062299;11.512742519378662
160;exponential;7;0.30000000000000004;0.21431099571326834;0.9500000000000001;1901;32;0.8841064547206166;17.13747968673706
161;log_loss;3;0.7000000000000001;1.0;0.1;551;4;0.8174836758724041;1.716162872314453
162;log_loss;5;0.4;0.004556754060844206;0.15000000000000002;3301;4;0.8780935559837294;10.847594213485717
163;exponential;9;0.2;0.0009765625;0.25;851;4;0.7818633590237637;4.432407999038697
164;exponential;15;0.8;0.021262343752724643;0.1;251;128;0.8760112930849925;2.497778797149658
165;exponential;13;0.5;0.0009765625;0.9000000000000001;301;32;0.7092298223078568;6.467033100128174
166;exponential;7;0.30000000000000004;0.0098431332023037;0.1;51;8;0.7124684221794049;0.21731624603271485
167;exponential;15;0.2;0.09921256574801249;0.6000000000000001;2901;8;0.8875778741168915;21.781517934799194
168;log_loss;15;0.8;0.0098431332023037;0.25;151;8;0.8915114536501818;3.0069485187530516
169;log_loss;13;0.7000000000000001;0.0098431332023037;0.1;451;8;0.8938246628131022;6.637830972671509
170;exponential;15;1.0;0.045929202883612456;0.35000000000000003;3701;8;0.9014595375722545;18.411972188949584
171;exponential;11;0.1;0.09921256574801249;0.2;1151;8;0.8762414365232285;3.103037452697754
172;exponential;9;0.9;0.004556754060844206;0.6000000000000001;1651;8;0.8926672554056948;43.7687304019928
173;log_loss;11;0.1;0.045929202883612456;0.7000000000000001;1201;8;0.8792493577392421;5.413444757461548
174;log_loss;15;0.5;0.09921256574801249;0.3;4401;8;0.8947492506957826;10.138924551010131
175;exponential;3;0.6;0.004556754060844206;0.6000000000000001;2351;8;0.8579685827445942;14.855607795715333
176;log_loss;5;1.0;0.21431099571326834;0.9000000000000001;3551;2;0.8792504281738387;47.30535445213318
177;log_loss;7;1.0;0.09921256574801249;0.55;4651;8;0.8917432027403125;30.90841135978699
178;log_loss;15;0.30000000000000004;0.09921256574801249;0.8;401;8;0.8919736137871975;7.588765430450439
179;log_loss;15;1.0;0.0098431332023037;0.8;4501;8;0.8970648683365446;219.54232816696168
180;log_loss;13;1.0;0.004556754060844206;0.7500000000000001;4301;8;0.8968323164204668;177.07486515045167
181;log_loss;15;0.4;0.09921256574801249;0.5;551;8;0.8959050524512954;8.001549768447877
182;exponential;5;1.0;0.0098431332023037;0.2;4651;8;0.883181331620638;28.714426279067993
183;log_loss;13;0.6;0.21431099571326834;0.2;3951;8;0.8947495183044316;6.119094800949097
184;log_loss;13;1.0;1.0;0.1;3651;8;0.8924344358809677;2.583801031112671
185;log_loss;13;0.6;0.46293735614364534;0.9500000000000001;651;4;0.8963714943266966;5.39907808303833
186;log_loss;15;0.5;0.004556754060844206;0.45;4351;8;0.8949799293513166;79.10686707496643
187;exponential;7;0.4;0.021262343752724643;0.2;451;8;0.8794811068293727;2.0152282238006594
188;exponential;15;0.8;0.0009765625;0.8;2301;8;0.8947519267822737;110.03510675430297
189;log_loss;7;0.5;0.021262343752724643;0.9000000000000001;3101;2;0.8908162063797903;48.126797103881835
190;log_loss;7;0.2;0.46293735614364534;0.9000000000000001;3701;8;0.6317102868764718;25.44819188117981
191;exponential;9;0.5;0.045929202883612456;0.5;2751;64;0.8859569685292229;26.268929958343506
192;exponential;5;0.4;0.045929202883612456;0.35000000000000003;3701;8;0.8864193962748874;12.144285011291505
193;log_loss;3;0.6;1.0;0.9000000000000001;1351;64;0.7829902590451723;10.767747783660889
194;log_loss;15;0.7000000000000001;0.46293735614364534;0.8;3551;128;0.8804059623207022;18.496929168701172
195;exponential;1;0.1;0.045929202883612456;0.25;3251;8;0.8228101584243204;2.3808249950408937
196;exponential;5;0.4;0.004556754060844206;0.6500000000000001;3801;4;0.8773988439306359;27.23791389465332
197;exponential;5;0.7000000000000001;0.021262343752724643;0.7500000000000001;151;64;0.8635219974309569;1.7271814823150635
198;log_loss;13;0.7000000000000001;0.0009765625;0.1;251;32;0.7092298223078568;2.6035691261291505
199;exponential;7;0.5;0.0098431332023037;0.9000000000000001;1801;64;0.8762417041318775;25.469257211685182
200;exponential;1;0.5;1.0;0.55;3551;64;0.7994425711839008;6.330747795104981
201;log_loss;5;0.1;0.09921256574801249;0.1;3101;32;0.6634312780989082;4.767995691299438
202;exponential;7;0.30000000000000004;0.0009765625;0.6500000000000001;3351;4;0.8720785163776492;27.19533004760742
203;exponential;9;0.5;0.46293735614364534;0.7000000000000001;4601;32;0.8880408370798545;10.409428787231445
204;log_loss;9;0.5;0.46293735614364534;0.9500000000000001;1451;32;0.6752009740954829;22.137906217575072
205;exponential;1;0.30000000000000004;0.002109491677524035;0.9000000000000001;3701;64;0.7915807642903019;7.080720138549805
206;exponential;9;0.9;1.0;0.5;401;128;0.8787855919503318;5.491423320770264
207;log_loss;1;0.9;1.0;0.5;2101;128;0.8080001605651896;5.393187713623047
208;log_loss;1;0.8;1.0;0.3;1901;64;0.8017539070862771;3.018358659744263
209;log_loss;5;0.1;0.002109491677524035;0.2;3101;32;0.8549595910939842;4.295147371292114
210;exponential;11;0.6;0.002109491677524035;0.05;2851;16;0.8861916613144937;26.892589616775513
211;log_loss;11;0.6;0.002109491677524035;0.55;1501;16;0.8873455898094627;22.545112228393556
212;log_loss;9;0.8;0.21431099571326834;0.8;951;8;0.8919744166131449;16.459891700744627
213;exponential;9;0.8;0.21431099571326834;0.7000000000000001;2851;8;0.8947489830871334;14.300678014755249
214;log_loss;7;0.1;0.0098431332023037;0.25;1001;128;0.8415451723399701;1.2612292766571045
215;log_loss;13;0.6;0.0009765625;0.8;4601;2;0.8970621922500536;183.88125443458557
216;exponential;3;0.6;0.0009765625;0.9000000000000001;4751;2;0.8417777242560479;37.007925796508786
217;exponential;11;0.4;0.0009765625;0.5;701;2;0.7985209269963606;11.632122945785522
218;log_loss;9;0.30000000000000004;1.0;0.4;451;128;0.6224670841361593;1.978750467300415
219;exponential;3;1.0;0.002109491677524035;0.6500000000000001;4501;32;0.8505689359880112;42.77515382766724
220;exponential;3;0.1;0.0009765625;0.9500000000000001;1601;64;0.798516912866624;2.930956983566284
221;log_loss;5;1.0;0.002109491677524035;0.45;401;128;0.7945884178976665;4.196432590484619
222;exponential;5;0.30000000000000004;0.004556754060844206;0.9000000000000001;3051;8;0.8739292977949047;20.926858615875243
223;log_loss;5;0.8;0.002109491677524035;0.15000000000000002;2251;2;0.8651410297580817;11.970663213729859
224;exponential;9;0.1;0.0098431332023037;0.4;551;64;0.8531090772853778;1.1377565383911132
225;log_loss;3;1.0;0.0009765625;0.1;601;4;0.7092298223078568;2.233054685592651
226;log_loss;11;0.7000000000000001;0.002109491677524035;0.6500000000000001;2501;16;0.8933600941982445;59.32706456184387
227;log_loss;7;0.9;0.21431099571326834;0.6500000000000001;2901;32;0.8871165168058232;25.97314772605896
228;log_loss;5;0.4;0.21431099571326834;0.7500000000000001;3251;16;0.7756516270605867;21.419805669784544
229;exponential;1;0.7000000000000001;1.0;0.6500000000000001;251;16;0.8174909013059303;0.7001105785369873
230;exponential;13;0.8;1.0;1.0;3551;4;0.893593984157568;5.188987302780151
231;log_loss;9;0.1;1.0;0.2;2051;64;0.6329024834082638;3.2113550662994386
232;log_loss;13;0.6;0.09921256574801249;0.9000000000000001;3651;2;0.9009952365660459;19.845236349105836
233;exponential;7;0.2;0.002109491677524035;0.8;801;32;0.8528800042817384;4.811049747467041
234;exponential;13;1.0;1.0;0.45;3851;8;0.8940561442945836;3.1998329639434813
235;log_loss;13;0.4;0.0009765625;0.8;1651;16;0.8785562513380432;31.76706337928772
236;log_loss;13;0.1;0.0009765625;0.9000000000000001;2501;32;0.8556567116249199;10.431706476211549
237;log_loss;9;0.1;0.46293735614364534;0.6000000000000001;4651;32;0.6935193213444657;14.141919422149659
238;exponential;13;0.2;0.004556754060844206;0.4;3901;64;0.8790184114750588;17.624722146987914
239;exponential;15;0.5;0.002109491677524035;0.15000000000000002;3001;32;0.8861916613144937;25.67369704246521
240;exponential;11;1.0;0.045929202883612456;0.15000000000000002;501;32;0.890585260115607;6.36600399017334
241;log_loss;3;0.9;0.021262343752724643;0.9000000000000001;551;16;0.8616706807964034;6.302262973785401
242;exponential;11;0.2;1.0;0.6000000000000001;3301;8;0.8674510276172125;5.426402854919433
243;exponential;3;0.7000000000000001;0.09921256574801249;0.25;4101;16;0.8753157782059515;12.217506504058838
244;log_loss;7;0.6;0.004556754060844206;0.9500000000000001;3451;32;0.8820247270391779;57.64237194061279
245;log_loss;15;0.8;0.021262343752724643;0.8500000000000001;1851;16;0.8952127488760435;84.25879526138306
246;exponential;11;0.4;1.0;0.8;4451;64;0.8762390280453864;11.046815824508666
247;exponential;11;0.2;0.21431099571326834;0.9500000000000001;2001;4;0.8859583065724683;14.177613735198975
248;exponential;3;0.30000000000000004;1.0;0.9500000000000001;4851;64;0.8579624277456647;20.722988986968993
249;log_loss;15;0.9;0.045929202883612456;0.7000000000000001;4451;128;0.8801760864911155;134.2247624874115
250;log_loss;3;0.8;0.045929202883612456;0.15000000000000002;251;16;0.8538053949903661;0.8245627880096436
251;log_loss;13;0.8;0.46293735614364534;0.45;1551;16;0.8972904624277456;4.055782890319824
252;exponential;5;1.0;0.21431099571326834;0.8500000000000001;401;4;0.8757803468208092;8.112551832199097
253;exponential;13;0.9;0.0098431332023037;0.9000000000000001;3451;64;0.886190055662599;146.15136895179748
254;log_loss;5;1.0;0.0098431332023037;0.9500000000000001;1751;32;0.87416265253693;35.365570878982545
255;log_loss;7;0.6;0.0009765625;0.3;2951;8;0.8778636801541426;18.320983600616454
256;log_loss;9;0.7000000000000001;0.004556754060844206;0.15000000000000002;2001;8;0.893593984157568;18.09106402397156
257;log_loss;9;1.0;0.004556754060844206;1.0;2351;4;0.8901244380218369;106.08080759048462
258;exponential;7;0.6;0.21431099571326834;0.8500000000000001;3951;16;0.8854969492614002;23.666636657714843
259;exponential;5;1.0;0.004556754060844206;0.7500000000000001;651;32;0.8653725112395634;10.191909265518188
260;log_loss;7;0.6;0.46293735614364534;0.7000000000000001;301;64;0.8734615178762578;3.9284870624542236
261;log_loss;15;1.0;0.045929202883612456;0.25;1801;64;0.8917423999143652;26.43293700218201
262;exponential;15;0.9;0.021262343752724643;0.9500000000000001;2151;16;0.8959066581031898;110.56284279823304
263;exponential;15;0.5;0.09921256574801249;0.45;4301;32;0.8908159387711411;19.601630878448486
264;exponential;11;0.4;0.0098431332023037;0.7000000000000001;2451;16;0.8928965960179832;33.96793670654297
265;log_loss;9;0.4;0.09921256574801249;0.9000000000000001;1401;2;0.8952116784414471;21.875048017501832
266;log_loss;3;0.7000000000000001;0.045929202883612456;0.05;3301;128;0.870920841361593;9.842776727676391
267;log_loss;13;0.9;0.09921256574801249;0.4;4301;32;0.8938254656390494;22.804713678359985
268;log_loss;13;0.8;0.46293735614364534;0.8500000000000001;3851;2;0.8998402376364805;6.854540300369263
269;exponential;3;0.6;0.0098431332023037;0.1;401;4;0.8262799721687004;1.1028043270111083
270;exponential;9;0.30000000000000004;0.021262343752724643;0.7000000000000001;3901;32;0.8859561657032756;32.79332375526428
271;log_loss;7;0.5;0.004556754060844206;0.5;1751;2;0.885727360308285;15.705302000045776
272;exponential;15;1.0;1.0;0.2;801;16;0.896833119246414;1.3801979064941405
273;exponential;11;0.8;0.0009765625;0.9500000000000001;4651;128;0.8720795868122458;131.96854057312012
274;log_loss;13;0.8;0.46293735614364534;0.2;1;32;0.8061539284949688;0.024033546447753906
275;log_loss;3;0.6;0.21431099571326834;0.9500000000000001;3401;4;0.8665285806037251;26.957503032684325
276;exponential;5;0.6;0.46293735614364534;0.9500000000000001;4001;8;0.8806374438021838;18.202263021469115
277;log_loss;13;0.6;0.021262343752724643;0.7000000000000001;4901;8;0.8972942089488333;68.58156342506409
278;log_loss;15;0.9;0.0098431332023037;0.55;3601;8;0.89775904517234;107.26321492195129
279;log_loss;13;0.9;0.21431099571326834;0.25;2851;8;0.8959061228858918;5.161343097686768
280;log_loss;13;0.6;0.045929202883612456;0.3;2451;8;0.8972936737315349;16.059581804275513
281;exponential;9;0.8;1.0;0.05;2751;8;0.8922037572254335;3.020704507827759
282;exponential;15;0.5;0.46293735614364534;0.45;2351;4;0.8972931385142366;4.249344778060913
283;log_loss;13;0.7000000000000001;0.002109491677524035;0.5;4451;8;0.8977566366944979;95.21557731628418
284;exponential;9;0.2;0.21431099571326834;0.6000000000000001;3301;8;0.8866514129736673;12.56053385734558
285;log_loss;13;0.5;0.021262343752724643;1.0;451;8;0.8938235923785058;14.56920928955078
286;log_loss;9;1.0;0.021262343752724643;0.3;2851;8;0.895213551701991;32.55573568344116
287;log_loss;15;0.8;0.021262343752724643;0.45;951;64;0.8873474630700064;20.038962888717652
288;log_loss;7;0.8;0.0009765625;0.2;4601;2;0.8813345643331191;36.633802223205564
289;log_loss;13;0.9;0.09921256574801249;0.8;3401;2;0.8968325840291158;24.284899091720582
290;exponential;13;0.5;0.21431099571326834;0.9000000000000001;3451;8;0.8919728109612504;12.155619192123414
291;log_loss;9;0.5;0.09921256574801249;0.7500000000000001;3601;128;0.8815612288589166;45.10889611244202
292;exponential;1;0.8;0.21431099571326834;0.05;4101;32;0.8165622992935132;6.2492810726165775
293;log_loss;3;0.8;0.09921256574801249;0.9000000000000001;651;32;0.8676841147505886;6.682653570175171
294;exponential;9;1.0;0.09921256574801249;1.0;3401;16;0.8891985120959109;69.77094860076905
295;log_loss;11;0.6;0.09921256574801249;0.8;4251;4;0.8966013701562835;23.07511110305786
296;exponential;9;0.8;0.0098431332023037;1.0;2351;8;0.8938238599871546;85.24101428985595
297;exponential;11;0.30000000000000004;0.21431099571326834;0.8;951;8;0.88965960179833;12.519760417938233
298;exponential;11;1.0;1.0;0.05;1601;64;0.8889638193106402;2.672475242614746
299;exponential;11;0.8;0.46293735614364534;0.5;4551;8;0.8956738385784628;6.230541706085205
300;exponential;3;1.0;0.045929202883612456;0.8;2651;2;0.8649071397987583;32.72527685165405
301;log_loss;9;0.4;0.021262343752724643;0.25;3251;64;0.8829501177478056;14.267865753173828
302;exponential;15;0.9;0.021262343752724643;0.15000000000000002;1551;32;0.8926685934489402;23.135184812545777
303;log_loss;3;0.6;0.09921256574801249;0.9000000000000001;551;16;0.8672208841789766;4.394842100143433
304;log_loss;15;0.7000000000000001;0.0098431332023037;0.4;2551;128;0.8838752408477843;45.01858687400818
305;exponential;9;0.5;0.004556754060844206;0.35000000000000003;1501;4;0.8859585741811176;11.869839715957642
306;log_loss;13;0.4;0.09921256574801249;0.8;2951;64;0.8843374009847998;45.16031150817871
307;exponential;13;1.0;0.21431099571326834;0.4;2701;8;0.8975259580389638;7.697540187835694
308;log_loss;13;0.4;0.0098431332023037;0.2;3251;128;0.8794795011774781;16.33538398742676
309;log_loss;5;0.7000000000000001;0.002109491677524035;0.8;751;4;0.8595894883322629;10.843717193603515
310;log_loss;15;0.6;0.002109491677524035;0.7000000000000001;4951;8;0.8977552986512525;140.66968894004822
311;log_loss;9;0.6;0.021262343752724643;0.6000000000000001;601;64;0.8794816420466709;9.461303806304931
312;log_loss;13;0.8;0.004556754060844206;0.6000000000000001;1;4;0.7092298223078568;0.0430150032043457
313;log_loss;7;0.9;0.09921256574801249;0.7000000000000001;4451;4;0.8940574823378291;40.680874013900755
314;log_loss;15;1.0;1.0;0.3;2651;16;0.8922067009205736;2.1420836448669434
315;exponential;5;0.9;0.004556754060844206;0.6500000000000001;2951;16;0.873929833012203;41.37976627349853
316;exponential;5;0.8;0.09921256574801249;0.1;4451;4;0.8908146007278954;22.8596941947937
317;log_loss;5;0.7000000000000001;0.004556754060844206;0.3;2201;128;0.8646769963605223;9.683365774154662
318;exponential;13;0.6;0.09921256574801249;0.25;3401;4;0.9012248447869835;9.766100120544433
319;exponential;3;0.6;0.09921256574801249;0.6500000000000001;3401;32;0.8739274245343609;21.041330003738402
320;log_loss;13;0.9;0.09921256574801249;0.9000000000000001;4651;16;0.8959074609291372;32.994748735427855
321;log_loss;13;0.30000000000000004;0.021262343752724643;0.05;3801;64;0.8838749732391351;16.29333539009094
322;exponential;9;0.4;0.0098431332023037;0.6500000000000001;701;2;0.8848014343823593;9.842696857452392
323;log_loss;7;0.30000000000000004;0.0098431332023037;0.9500000000000001;4151;32;0.8829471740526655;36.79142379760742
324;log_loss;13;0.9;0.09921256574801249;0.45;551;128;0.8827199743095697;11.414861154556274
325;exponential;15;0.9;0.021262343752724643;0.25;1651;128;0.8845712909441235;19.95404448509216
326;log_loss;1;0.30000000000000004;0.09921256574801249;0.9000000000000001;1601;4;0.8211868443588097;3.033109426498413
327;log_loss;7;1.0;0.045929202883612456;0.4;4701;32;0.8873474630700062;69.18300065994262
328;exponential;7;0.9;0.045929202883612456;0.7500000000000001;3401;32;0.8878101584243202;65.4846109867096
329;log_loss;5;1.0;0.09921256574801249;0.9000000000000001;1951;4;0.8778626097195461;39.74841651916504
330;exponential;3;0.5;0.09921256574801249;0.3;4101;16;0.8767017233997002;9.883482122421265
331;log_loss;5;0.8;0.21431099571326834;0.7000000000000001;3601;32;0.8841053842860201;33.536159896850585
332;log_loss;7;1.0;0.004556754060844206;0.45;2001;64;0.8790200171269535;28.334002923965453
333;log_loss;13;0.8;0.0098431332023037;0.35000000000000003;1851;16;0.8966011025476343;24.408827543258667
334;log_loss;11;0.8;0.0098431332023037;0.9500000000000001;4151;32;0.8940564119032326;140.4752046585083
335;log_loss;9;0.8;0.0098431332023037;0.3;2201;4;0.8966016377649325;23.38725347518921
336;log_loss;7;0.8;0.0098431332023037;0.7500000000000001;4251;64;0.882024994647827;71.05697393417358
337;exponential;11;0.30000000000000004;0.09921256574801249;0.9500000000000001;3901;16;0.8875781417255405;32.623113775253294
338;exponential;7;0.8;1.0;0.1;3451;64;0.8801768893170628;4.741044187545777
339;exponential;3;1.0;1.0;0.7000000000000001;201;2;0.862130432455577;1.9403700351715087
340;exponential;13;0.7000000000000001;0.21431099571326834;0.1;3001;128;0.8810996039391993;12.244159698486328
341;log_loss;5;0.9;0.0098431332023037;0.9500000000000001;1651;128;0.8704605544851208;29.529200315475464
342;log_loss;3;0.8;0.021262343752724643;0.5;3401;128;0.8711539284949689;19.016686153411865
343;exponential;11;0.5;0.46293735614364534;0.25;3351;64;0.8829517233997002;5.96106972694397
344;log_loss;11;0.4;0.002109491677524035;0.6500000000000001;3201;4;0.8919736137871975;50.7369607925415
345;log_loss;13;0.6;0.002109491677524035;0.45;351;64;0.8253521729822308;4.284430265426636
346;log_loss;9;0.2;0.09921256574801249;0.6000000000000001;2651;16;0.8859569685292229;16.42689218521118
347;log_loss;9;0.5;0.021262343752724643;0.7500000000000001;901;4;0.8952122136587455;14.132654237747193
348;log_loss;11;0.6;0.045929202883612456;0.6000000000000001;851;16;0.8922034896167844;17.469873332977294
349;exponential;7;0.2;0.09921256574801249;0.1;4701;32;0.8836434917576537;11.271617412567139
350;exponential;15;0.6;0.002109491677524035;0.45;4251;8;0.8959047848426461;92.94429602622986
351;log_loss;5;0.5;0.021262343752724643;0.2;4651;128;0.8760102226503961;15.402781581878662
352;exponential;11;0.7000000000000001;0.045929202883612456;0.7500000000000001;1451;16;0.8942870905587668;33.85866899490357
353;log_loss;5;1.0;1.0;0.05;1201;64;0.8176715371440805;4.439623785018921
354;exponential;9;0.7000000000000001;0.045929202883612456;0.45;4201;64;0.8868836972810961;54.554085445404056
355;exponential;3;0.8;0.46293735614364534;0.9500000000000001;1851;16;0.8681449368443588;18.95748977661133
356;log_loss;11;0.9;0.46293735614364534;0.45;851;16;0.8896628131021196;4.251398992538452
357;exponential;15;0.30000000000000004;0.045929202883612456;0.6000000000000001;2651;128;0.8757776707343181;26.488447666168213
358;exponential;7;0.8;0.09921256574801249;0.5;2451;16;0.8917413294797688;28.636900424957275
359;log_loss;13;0.9;0.09921256574801249;0.9000000000000001;3051;64;0.8857289659601799;59.56857857704163
360;log_loss;3;0.9;0.21431099571326834;0.15000000000000002;601;64;0.8718459644615713;2.168727684020996
361;log_loss;11;0.1;0.004556754060844206;0.35000000000000003;401;8;0.860050310426033;1.2034871101379394
362;log_loss;9;0.4;0.004556754060844206;0.4;3451;8;0.8942857525155213;31.310788726806642
363;log_loss;11;0.4;0.002109491677524035;1.0;4251;8;0.8924349710982659;95.87499961853027
364;log_loss;13;0.9;0.002109491677524035;0.3;301;8;0.8413118175979448;5.704347944259643
365;log_loss;13;0.2;0.045929202883612456;0.1;1801;8;0.8928982016698781;8.796813488006592
366;log_loss;7;0.8;0.0098431332023037;0.05;4151;2;0.8924360415328623;31.905674600601195
367;log_loss;9;1.0;0.004556754060844206;0.4;3451;16;0.8924363091415115;66.07856521606445
368;exponential;7;0.5;0.045929202883612456;0.8;2351;8;0.8898897452365662;34.85026111602783
369;log_loss;3;0.6;0.045929202883612456;0.35000000000000003;3751;2;0.8769350781417256;10.215762090682983
370;log_loss;13;0.9;0.46293735614364534;0.55;1101;2;0.9016896810104903;3.24652419090271
371;exponential;11;0.7000000000000001;0.46293735614364534;0.6000000000000001;4751;8;0.8945183044315993;7.60105938911438
372;exponential;5;0.5;0.46293735614364534;0.4;1551;8;0.8847987582958681;7.930186986923218
373;log_loss;5;0.6;0.46293735614364534;1.0;801;2;0.8695332905159494;12.16269907951355
374;log_loss;15;1.0;0.045929202883612456;0.45;2301;16;0.894750856347677;32.045538854599
375;log_loss;11;0.7000000000000001;0.21431099571326834;1.0;3051;8;0.8935931813316206;16.091915130615234
376;log_loss;9;0.9;0.46293735614364534;0.15000000000000002;351;32;0.8908154035538429;3.2366851329803468
377;exponential;5;1.0;0.46293735614364534;0.7500000000000001;1901;4;0.8841088631984585;16.870518350601195
378;exponential;7;1.0;0.09921256574801249;0.9000000000000001;301;4;0.8891971740526653;8.55960111618042
379;exponential;7;0.30000000000000004;0.021262343752724643;0.55;1351;2;0.887809355598373;8.338855838775634
380;log_loss;13;0.9;0.46293735614364534;0.8500000000000001;351;64;0.8827197067009205;12.277953910827637
381;exponential;15;0.9;0.021262343752724643;0.55;1751;4;0.8993772746735175;53.13692121505737
382;log_loss;11;0.2;0.0098431332023037;0.9000000000000001;3151;8;0.890582851637765;30.248039865493773
383;exponential;1;0.9;0.021262343752724643;0.4;2901;2;0.818644829800899;7.225613021850586
384;exponential;7;0.5;0.021262343752724643;0.15000000000000002;4001;4;0.8942878933847143;22.238755178451537
385;exponential;5;0.30000000000000004;0.021262343752724643;0.8500000000000001;2151;16;0.8790181438664098;14.52847924232483
386;exponential;9;0.5;0.021262343752724643;0.7000000000000001;1701;8;0.8954444979661742;25.77365574836731
387;log_loss;3;1.0;0.021262343752724643;0.2;1051;4;0.8618997538000428;3.956537675857544
388;exponential;11;0.7000000000000001;0.46293735614364534;0.4;1101;4;0.8965984264611432;3.4475311279296874
389;exponential;5;0.6;0.002109491677524035;0.55;4901;32;0.873699689573967;33.48274006843567
390;log_loss;5;0.7000000000000001;0.021262343752724643;0.8500000000000001;2851;8;0.8841077927638622;41.961449766159056
391;exponential;5;0.9;0.09921256574801249;0.15000000000000002;4301;4;0.8896587989723829;24.560879230499268
392;exponential;3;0.5;0.021262343752724643;0.8;901;16;0.8628259473346178;6.015289258956909
393;exponential;3;0.30000000000000004;0.021262343752724643;0.2;1651;4;0.861206647398844;2.91237416267395
394;exponential;11;0.8;0.09921256574801249;0.4;3001;2;0.8968315135945193;15.776779508590698
395;exponential;13;1.0;0.021262343752724643;0.25;3051;8;0.8972950117747805;38.84391083717346
396;exponential;15;0.8;0.09921256574801249;0.3;1901;64;0.8887350139156498;16.01599669456482
397;exponential;7;0.5;0.002109491677524035;1.0;51;8;0.7092298223078568;0.9638515472412109
398;exponential;9;0.1;0.002109491677524035;0.8500000000000001;3201;32;0.8605127381716977;11.792791366577148
399;log_loss;11;0.4;0.002109491677524035;0.35000000000000003;2501;32;0.8817959216441876;14.295067930221558
400;exponential;13;0.9;0.045929202883612456;0.6500000000000001;2301;16;0.8942884286020124;52.04241828918457
401;exponential;15;0.2;0.46293735614364534;0.7000000000000001;4601;4;0.8790181438664098;7.465936279296875
402;exponential;7;0.8;0.021262343752724643;0.7500000000000001;1351;8;0.8908162063797903;24.120768976211547
403;exponential;13;1.0;0.09921256574801249;0.05;1551;2;0.8991452579747378;9.57675905227661
404;exponential;15;1.0;0.09921256574801249;0.8;2351;128;0.8806390494540782;97.14548511505127
405;log_loss;3;0.4;0.004556754060844206;0.6000000000000001;801;16;0.8410822093770071;3.569240760803223
406;exponential;13;0.5;0.09921256574801249;0.25;1;2;0.7092298223078568;0.023798084259033202
407;exponential;11;0.5;0.045929202883612456;0.35000000000000003;4251;32;0.8919728109612504;25.35363483428955
408;exponential;15;0.5;0.21431099571326834;0.6000000000000001;4951;16;0.8901217619353459;12.747258853912353
409;exponential;7;0.5;0.021262343752724643;0.55;1751;32;0.8880386962106614;14.014750957489014
410;exponential;11;0.9;0.09921256574801249;0.8;3651;16;0.894750588739028;38.326906728744504
411;exponential;15;0.5;0.004556754060844206;0.8500000000000001;1701;32;0.88896381931064;43.81547522544861
412;exponential;13;0.9;0.09921256574801249;0.7000000000000001;3001;32;0.8933608970241919;33.559290409088135
413;exponential;11;0.8;0.09921256574801249;0.9500000000000001;1351;32;0.8898913508884607;43.66315407752991
414;exponential;11;1.0;0.09921256574801249;0.5;101;32;0.8915127916934275;2.281575393676758
415;exponential;15;0.6;1.0;0.8500000000000001;4151;8;0.890122564761293;5.498346376419067
416;exponential;11;0.8;0.045929202883612456;0.8500000000000001;401;8;0.8968320488118176;14.456543016433717
417;exponential;15;0.6;0.09921256574801249;0.55;2701;16;0.8952119460500964;14.704224157333375
418;log_loss;15;0.9;0.004556754060844206;0.6000000000000001;4951;8;0.898452419182188;207.52891702651976
419;exponential;15;1.0;0.0098431332023037;0.3;1551;8;0.8982214729180047;34.1625759601593
420;exponential;9;0.5;0.021262343752724643;0.8;3001;8;0.8942862877328196;57.31484913825989
421;exponential;7;0.6;0.09921256574801249;0.05;1551;4;0.8938238599871546;9.614021492004394
422;log_loss;15;0.7000000000000001;0.0098431332023037;0.1;2451;16;0.8963690858488548;32.07799129486084
423;exponential;11;0.9;1.0;0.6500000000000001;4451;8;0.8952119460500964;5.225609683990479
424;log_loss;15;1.0;0.004556754060844206;0.35000000000000003;3551;2;0.9000706486833655;140.1572679042816
425;log_loss;11;0.8;0.045929202883612456;0.9000000000000001;801;8;0.8968320488118176;28.61887059211731
426;exponential;15;1.0;0.0098431332023037;0.8500000000000001;201;16;0.8912807749946479;10.883886814117432
427;log_loss;9;1.0;0.045929202883612456;0.25;4351;2;0.8963701562834512;24.314466190338134
428;exponential;9;0.5;0.0098431332023037;0.7000000000000001;3351;32;0.8882709805180904;45.83184237480164
429;exponential;15;0.2;0.004556754060844206;0.8500000000000001;3951;8;0.881794315992293;50.45244960784912
430;exponential;13;0.6;0.09921256574801249;0.45;2201;64;0.8891977092699637;26.73266339302063
431;exponential;15;0.4;0.0098431332023037;0.05;1151;64;0.8820247270391779;6.894204330444336
432;exponential;15;0.9;0.0098431332023037;0.15000000000000002;1201;16;0.8952140869192892;20.1680805683136
433;exponential;15;0.4;0.004556754060844206;0.9500000000000001;101;8;0.7157064868336545;2.3083629608154297
434;exponential;9;0.7000000000000001;0.004556754060844206;0.4;3901;4;0.8975256904303148;60.51448917388916
435;exponential;11;0.9;0.004556754060844206;0.6500000000000001;1901;4;0.8956741061871121;64.80801334381104
436;exponential;9;0.4;0.045929202883612456;0.35000000000000003;3101;4;0.8970621922500535;19.316098022460938
437;exponential;15;1.0;0.004556754060844206;0.9500000000000001;2951;4;0.8968320488118176;195.51240820884703
438;exponential;9;0.2;0.004556754060844206;0.9000000000000001;1551;4;0.8771695033183471;13.943114376068115
439;exponential;13;0.4;0.021262343752724643;0.8;4601;4;0.8966011025476343;95.49469904899597
440;exponential;13;0.4;0.0098431332023037;0.45;3051;4;0.8938230571612074;47.3373694896698
441;log_loss;9;1.0;0.045929202883612456;0.35000000000000003;3351;4;0.8954436951402268;23.340709972381593
442;exponential;5;0.4;1.0;1.0;3501;4;0.8743935988011133;11.929321575164796
443;exponential;13;0.30000000000000004;0.004556754060844206;0.4;2901;4;0.8864196638835369;36.59222044944763
444;exponential;13;0.4;0.045929202883612456;0.6500000000000001;151;32;0.8787880004281738;2.2304258346557617
445;log_loss;15;0.5;0.0098431332023037;0.7000000000000001;2451;8;0.8959061228858916;59.28508086204529
446;exponential;11;0.4;0.09921256574801249;0.9000000000000001;3301;4;0.8966005673303361;22.861065435409547
447;log_loss;9;0.9;0.045929202883612456;0.15000000000000002;151;4;0.8933611646328409;1.7240732192993165
448;exponential;11;0.9;0.045929202883612456;0.9000000000000001;4851;4;0.8961384071933205;64.77857656478882
449;log_loss;13;0.9;0.045929202883612456;0.3;2001;2;0.8972939413401841;19.048008394241332
450;exponential;13;0.2;0.045929202883612456;0.6500000000000001;1901;8;0.8882699100834939;16.843598890304566
451;log_loss;13;0.9;0.045929202883612456;0.8500000000000001;2251;32;0.8905871333761507;89.54644889831543
452;log_loss;9;0.9;0.045929202883612456;0.8;3301;64;0.8868842324983943;104.01893911361694
453;log_loss;15;0.6;0.021262343752724643;0.6000000000000001;2701;2;0.8968307107685721;63.75010452270508
454;log_loss;15;0.4;0.0098431332023037;0.3;851;4;0.8945185720402483;10.725756883621216
455;log_loss;13;0.9;0.004556754060844206;0.7000000000000001;2451;2;0.8989132412759581;111.71125197410583
456;log_loss;15;0.4;0.021262343752724643;0.9500000000000001;2951;2;0.897756904303147;78.93646302223206
457;exponential;13;0.6;0.045929202883612456;0.35000000000000003;1201;8;0.8963696210661528;14.889768600463867
458;log_loss;13;0.4;0.021262343752724643;0.4;4151;4;0.8968309783772211;49.59574818611145
459;log_loss;1;0.7000000000000001;0.0098431332023037;0.9500000000000001;351;2;0.7783962213658746;1.2219316005706786
460;log_loss;13;1.0;0.0098431332023037;0.8500000000000001;251;16;0.8975278312995076;12.246163177490235
461;log_loss;15;0.2;0.0098431332023037;0.05;3551;16;0.8896590665810319;15.930854034423827
462;exponential;3;0.9;1.0;0.9500000000000001;3801;4;0.8699946478270177;23.35324697494507
463;log_loss;13;0.8;0.021262343752724643;0.5;3151;2;0.8996082209377008;55.4320764541626
464;log_loss;13;0.6;0.004556754060844206;0.6500000000000001;4551;2;0.8984505459216441;140.94221777915953
465;exponential;15;1.0;0.21431099571326834;0.25;401;16;0.8952116784414471;4.2932501316070555
466;log_loss;13;0.8;0.0098431332023037;0.2;651;128;0.8778628773281953;6.073009920120239
467;log_loss;15;0.30000000000000004;0.0098431332023037;0.45;3601;16;0.8922032220081354;35.13569803237915
468;log_loss;15;0.4;0.0098431332023037;0.2;1401;16;0.8919728109612504;11.327682828903198
469;log_loss;15;0.9;0.0098431332023037;0.25;2501;16;0.8970648683365446;41.02040581703186
470;log_loss;11;0.6;0.045929202883612456;0.5;1601;4;0.8970624598587026;23.917754888534546
471;exponential;15;0.2;0.0098431332023037;0.7000000000000001;1551;32;0.8824868871761936;11.659803342819213
472;log_loss;13;0.5;0.0098431332023037;0.1;2051;16;0.8956749090130591;18.063377332687377
473;log_loss;15;0.4;0.021262343752724643;0.7500000000000001;2951;32;0.8887336758724041;48.27228226661682
474;exponential;15;0.9;0.0098431332023037;0.6500000000000001;4851;32;0.8926685934489402;182.26513934135437
475;log_loss;7;0.30000000000000004;0.021262343752724643;0.8500000000000001;3401;2;0.8910468850353244;33.5468385219574
476;log_loss;15;0.9;0.0098431332023037;0.8500000000000001;2501;4;0.8993748661956754;142.390802526474
477;log_loss;15;1.0;0.09921256574801249;0.55;3351;2;0.9003018625561978;11.337004327774048
478;log_loss;15;0.5;0.045929202883612456;0.7500000000000001;1001;8;0.8975243523870692;22.913187122344972
479;exponential;13;0.6;0.09921256574801249;0.6500000000000001;751;128;0.87878612716763;14.79053635597229
480;exponential;11;0.9;0.09921256574801249;1.0;3501;64;0.8838757760650825;88.83658084869384
481;exponential;15;1.0;0.045929202883612456;0.3;151;16;0.8912802397773497;2.862972784042358
482;exponential;15;1.0;0.21431099571326834;0.5;1551;64;0.890122564761293;15.049028253555297
483;exponential;15;0.4;0.0098431332023037;0.4;3301;32;0.8919717405266538;38.328769254684445
484;exponential;11;0.7000000000000001;0.46293735614364534;0.1;4701;2;0.8952106080068509;5.195163822174072
485;exponential;13;0.4;0.021262343752724643;0.35000000000000003;3801;4;0.8970608542068079;37.17503867149353
486;exponential;15;0.7000000000000001;0.46293735614364534;0.6000000000000001;201;64;0.8859569685292229;5.535165309906006
487;log_loss;15;1.0;0.045929202883612456;0.6500000000000001;751;128;0.8780946264183258;29.254824066162108
488;log_loss;13;0.9;0.004556754060844206;0.8;2951;32;0.8935921108970242;127.21340680122375
489;log_loss;15;0.9;0.0098431332023037;0.8;3401;32;0.8940561442945837;168.34385027885438
490;log_loss;15;0.7000000000000001;0.002109491677524035;0.6000000000000001;1501;8;0.8966005673303361;49.77189960479736
491;exponential;11;0.6;0.004556754060844206;0.55;3801;8;0.897756904303147;60.22085266113281
492;exponential;11;0.4;0.09921256574801249;0.4;3801;16;0.8947476450438877;16.280332851409913
493;exponential;11;0.6;0.004556754060844206;0.1;1101;4;0.8885046028687646;13.770058345794677
494;log_loss;15;0.7000000000000001;0.021262343752724643;0.45;1401;8;0.8996079533290515;34.739451217651364
495;log_loss;15;0.7000000000000001;0.021262343752724643;0.35000000000000003;901;16;0.8954436951402268;11.632171964645385
496;log_loss;15;0.7000000000000001;0.09921256574801249;0.45;3351;8;0.9007632198672662;12.32109842300415
497;log_loss;13;0.8;0.21431099571326834;0.5;4401;2;0.8986820274031256;8.065752506256104
498;log_loss;9;0.9;0.46293735614364534;0.05;4851;2;0.8942868229501177;5.177261638641357
499;exponential;11;0.7000000000000001;0.004556754060844206;0.15000000000000002;3101;64;0.8857268250909869;26.441866397857666
500;log_loss;11;0.4;0.045929202883612456;0.1;3101;4;0.8972939413401841;17.486744832992553
