Iteracja;estimator__max_depth;estimator__max_features;estimator__n_estimators;estimator__max_samples;estimator__min_samples_split;Srednia dokladnosc;Czas
1;11;sqrt;1717;0.6636363636363636;0.35858585858585856;0.7428953751689447;2.2250139236450197
2;6;sqrt;526;0.9181818181818181;0.3383838383838384;0.7446890971420388;0.849494457244873
3;11;log2;481;0.40909090909090906;0.17676767676767677;0.7452878995372484;0.635857629776001
4;4;sqrt;1635;0.5272727272727272;0.28181818181818186;0.7431947763665494;2.0443578720092774
5;5;log2;363;0.7545454545454545;0.21313131313131314;0.7482823590487186;0.6151143074035644
6;16;sqrt;667;0.7636363636363636;0.29393939393939394;0.7431934337602821;1.010963535308838
7;18;sqrt;478;0.4818181818181818;0.17272727272727273;0.744389695944434;0.6914186000823974
8;10;sqrt;106;0.7454545454545454;0.11212121212121212;0.7770172659165974;0.2370903491973877
9;3;sqrt;897;0.8181818181818181;0.47171717171717176;0.7431943288311269;1.1579864978790284
10;8;log2;141;0.33636363636363636;0.4191919191919192;0.5001494768310912;0.1517280101776123
11;10;sqrt;802;0.7454545454545454;0.37070707070707076;0.7434928349578869;1.0749063968658448
12;11;sqrt;583;0.2545454545454545;0.26161616161616164;0.5013470816215103;0.5564488410949707
13;8;log2;239;0.3090909090909091;0.29393939393939394;0.5007482792263007;0.24256815910339355
14;10;sqrt;1001;0.18181818181818182;0.11212121212121212;0.7431943288311269;1.0920909881591796
15;10;sqrt;1945;0.6454545454545454;0.11212121212121212;0.7707307358377415;3.8969388008117676
16;10;sqrt;87;0.7454545454545454;0.13636363636363635;0.7644464434359979;0.2161874771118164
17;10;sqrt;15;0.19090909090909092;0.11212121212121212;0.7440902947468292;0.030313777923583984
18;10;sqrt;1858;0.7454545454545454;0.1484848484848485;0.7590590120208015;3.9853769302368165
19;10;sqrt;1259;0.16363636363636364;0.11212121212121212;0.741698217913948;1.4869043350219726
20;10;sqrt;1166;0.7454545454545454;0.3222222222222222;0.7434932824933093;1.6426998138427735
21;10;sqrt;949;0.9181818181818181;0.11212121212121212;0.7794106853557459;2.4392831325531006
22;10;sqrt;1634;0.9181818181818181;0.4111111111111111;0.7419976191115527;2.2923812866210938
23;14;log2;1488;0.7636363636363636;0.3424242424242424;0.7455899859473878;2.0682930946350098
24;10;sqrt;746;0.9181818181818181;0.12424242424242425;0.7740241490113943;1.8182368755340577
25;10;log2;1174;0.9181818181818181;0.1202020202020202;0.7779150219739893;2.967253017425537
26;7;sqrt;422;0.5454545454545454;0.29393939393939394;0.7437922361554917;0.5548303127288818
27;10;log2;324;1.0;0.11212121212121212;0.7812061974705298;0.8503335475921631
28;15;sqrt;1190;0.47272727272727266;0.10404040404040404;0.7635464497014939;2.067804479598999
29;12;sqrt;250;0.2727272727272727;0.3383838383838384;0.5007482792263007;0.2451526165008545
30;15;log2;924;0.1090909090909091;0.3545454545454545;0.5007482792263007;0.8684273719787597
31;10;log2;195;0.5181818181818182;0.4434343434343434;0.5001494768310912;0.22163825035095214
32;14;log2;106;0.1181818181818182;0.17272727272727273;0.5004493255641184;0.10672645568847657
33;17;log2;1154;1.0;0.3424242424242424;0.7440911898176741;1.938619565963745
34;3;sqrt;751;0.5727272727272728;0.42727272727272725;0.7422952301674678;0.9536901473999023
35;10;log2;101;0.8727272727272727;0.11212121212121212;0.7803102315548276;0.25830950736999514
36;10;sqrt;397;0.9363636363636363;0.35858585858585856;0.744691334819151;0.6077006340026856
37;10;log2;1230;0.9181818181818181;0.35050505050505054;0.7434919398870421;1.891177272796631
38;16;log2;1909;0.8727272727272727;0.1202020202020202;0.7773162195787797;4.427510023117065
39;10;sqrt;130;0.6909090909090908;0.11212121212121212;0.7722281893611879;0.29088740348815917
40;6;sqrt;1080;0.8909090909090909;0.35858585858585856;0.7431938812957045;1.5643971920013429
41;10;sqrt;34;0.7454545454545454;0.10404040404040404;0.7752168309121666;0.09045953750610351
42;6;sqrt;722;0.9181818181818181;0.43939393939393945;0.7425955264359174;0.9895236492156982
43;10;log2;388;0.36363636363636365;0.11212121212121212;0.7497789175013202;0.5879524707794189
44;6;sqrt;537;0.9181818181818181;0.17676767676767677;0.7539687441260975;1.082863998413086
45;10;sqrt;970;0.7999999999999999;0.11212121212121212;0.7755202599285733;2.1649682998657225
46;6;sqrt;1936;0.6454545454545454;0.10404040404040404;0.7737238527429446;3.909456157684326
47;6;sqrt;659;0.7454545454545454;0.3424242424242424;0.7449898409459108;0.8910986423492432
48;6;sqrt;867;0.9181818181818181;0.42727272727272725;0.7422961252383127;1.1602803230285645
49;6;sqrt;362;0.7181818181818181;0.29393939393939394;0.7431929862248597;0.5469905853271484
50;5;log2;544;0.22727272727272727;0.1202020202020202;0.7425941838296501;0.6341403961181641
51;10;sqrt;1773;0.9181818181818181;0.14040404040404042;0.7704322297109816;3.837210702896118
52;10;log2;994;0.15454545454545454;0.11212121212121212;0.7408000143211335;1.0497671127319337
53;3;sqrt;1829;0.9181818181818181;0.10404040404040404;0.7608504963167835;3.831222343444824
54;5;sqrt;774;0.9181818181818181;0.3101010101010101;0.7449893934104884;1.2305410385131836
55;11;log2;763;0.8727272727272727;0.3424242424242424;0.7416973228431031;1.1330941677093507
56;10;log2;1796;0.9090909090909091;0.1202020202020202;0.777615173240962;4.140041208267212
57;6;sqrt;1193;0.9181818181818181;0.4676767676767677;0.7425959739713399;1.5889225006103516
58;10;sqrt;1794;0.9181818181818181;0.25757575757575757;0.745289689678938;2.938653564453125
59;6;sqrt;455;0.9181818181818181;0.19292929292929295;0.7509765222917394;0.872907304763794
60;10;log2;963;0.4;0.1202020202020202;0.7485813127109011;1.4623266220092774
61;10;log2;593;0.8727272727272727;0.407070707070707;0.7422965727737351;0.8168640613555909
62;10;log2;938;0.3545454545454545;0.1202020202020202;0.7485813127109011;1.3413115978240966
63;18;sqrt;1349;0.7454545454545454;0.1202020202020202;0.7713299857683735;2.836171197891235
64;18;sqrt;669;0.9181818181818181;0.11212121212121212;0.7815064937389794;1.6376557350158691
65;18;sqrt;1792;0.509090909090909;0.21313131313131314;0.7446895446774613;2.458301067352295
66;18;sqrt;1114;0.9181818181818181;0.48383838383838385;0.7408000143211335;1.4978571891784669
67;18;sqrt;1639;0.7272727272727272;0.11212121212121212;0.7755202599285734;3.4963841915130613
68;18;sqrt;363;0.9181818181818181;0.12424242424242425;0.7755211549994183;0.8576598644256592
69;18;log2;984;0.8363636363636363;0.11212121212121212;0.7785138243691989;2.292244625091553
70;2;sqrt;791;0.6909090909090908;0.35050505050505054;0.7422965727737351;1.0385600566864013
71;18;sqrt;370;0.7636363636363636;0.407070707070707;0.7408000143211335;0.5150964736938477
72;10;sqrt;597;0.9181818181818181;0.35050505050505054;0.7431929862248597;0.8987101078033447
73;18;log2;370;0.7181818181818181;0.3424242424242424;0.7428953751689447;0.5214524745941163
74;4;sqrt;400;0.9181818181818181;0.3747474747474747;0.7449893934104884;0.5742969989776612
75;18;log2;1173;0.8090909090909091;0.11212121212121212;0.7782148707070166;2.7071558952331545
76;13;sqrt;1995;0.9181818181818181;0.2494949494949495;0.7467858005961172;3.4441452026367188
77;18;log2;839;0.8727272727272727;0.11212121212121212;0.7797105340887731;2.0074278831481935
78;17;sqrt;1504;0.9181818181818181;0.3464646464646465;0.7434919398870421;2.2895031929016114
79;5;sqrt;1774;0.9181818181818181;0.3868686868686869;0.7434937300287319;2.4634514331817625
80;9;sqrt;1467;0.9181818181818181;0.3303030303030303;0.7446899922128837;2.2863312721252442
81;19;sqrt;222;0.9181818181818181;0.12828282828282828;0.7743235502089991;0.5403394222259521
82;19;sqrt;1123;0.9181818181818181;0.14444444444444446;0.7689356712583801;2.463789463043213
83;18;log2;664;0.3909090909090909;0.11212121212121212;0.7527706918002559;1.0419614791870118
84;18;sqrt;178;0.1090909090909091;0.11212121212121212;0.4998505231689088;0.18771514892578126
85;18;log2;487;0.14545454545454545;0.11212121212121212;0.741698217913948;0.5222842216491699
86;18;log2;740;0.5;0.11212121212121212;0.7599554254719261;1.3043776512145997
87;19;log2;792;0.6818181818181818;0.11212121212121212;0.7728269917563976;1.6436933040618897
88;19;log2;128;0.24545454545454545;0.11212121212121212;0.7455877482702756;0.17872018814086915
89;19;log2;424;0.3181818181818182;0.11212121212121212;0.7470847542582996;0.5843156814575196
90;18;log2;1965;0.9818181818181817;0.11212121212121212;0.7800099352863779;4.96550817489624
91;18;log2;1729;0.8545454545454545;0.11212121212121212;0.7791126267644085;4.081021547317505
92;18;log2;1208;0.6727272727272727;0.11212121212121212;0.7713299857683735;2.5058826446533202
93;18;log2;481;0.709090909090909;0.11212121212121212;0.7740223588697045;1.0221223831176758
94;18;log2;1250;0.38181818181818183;0.11212121212121212;0.751872935742864;1.8781362056732178
95;18;log2;57;0.8454545454545453;0.11212121212121212;0.777615173240962;0.1459197998046875
96;18;log2;717;0.7363636363636363;0.11212121212121212;0.7749223526042087;1.5777936935424806
97;18;log2;1493;0.42727272727272725;0.11212121212121212;0.7530714356041281;2.3991644382476807
98;18;log2;1941;0.8818181818181817;0.11212121212121212;0.7788123304959587;4.639727926254272
99;18;log2;481;0.609090909090909;0.11212121212121212;0.7704322297109816;0.9426594257354737
100;18;log2;1640;0.9454545454545454;0.11212121212121212;0.7803093364839826;3.965548610687256
101;18;log2;585;0.2090909090909091;0.11212121212121212;0.7416959802368358;0.6482260227203369
102;18;log2;260;0.4363636363636364;0.11212121212121212;0.7533690466600431;0.41580934524536134
103;18;log2;909;0.8636363636363635;0.11212121212121212;0.7797109816241956;2.110439825057983
104;18;log2;595;0.8272727272727273;0.11212121212121212;0.7782139756361716;1.3818389892578125
105;19;log2;1092;0.2181818181818182;0.11212121212121212;0.7446895446774613;1.2321045398712158
106;18;log2;1197;0.9909090909090909;0.11212121212121212;0.7803088889485602;2.9818530082702637
107;15;log2;1392;0.6363636363636364;0.11212121212121212;0.7710319271770361;2.719045400619507
108;18;log2;87;0.3727272727272727;0.11212121212121212;0.7506762260232896;0.1342247486114502
109;18;log2;149;0.2909090909090909;0.11212121212121212;0.7440911898176741;0.20303130149841309
110;18;log2;1877;0.3;0.11212121212121212;0.7446899922128837;2.438372278213501
111;18;sqrt;1505;0.7909090909090909;0.11212121212121212;0.7758196611261782;3.37168869972229
112;18;log2;1431;0.44545454545454544;0.11212121212121212;0.754866052648067;2.274296998977661
113;18;log2;254;0.49090909090909085;0.11212121212121212;0.7602557217403758;0.44986696243286134
114;15;log2;192;0.17272727272727273;0.11212121212121212;0.7416959802368358;0.21573286056518554
115;18;sqrt;1870;0.7818181818181817;0.11212121212121212;0.7758196611261783;4.099140357971192
116;6;log2;1464;0.2;0.11212121212121212;0.741098072912471;1.6069347381591796
117;18;sqrt;727;0.6545454545454545;0.11212121212121212;0.7728269917563975;1.4655101299285889
118;14;log2;1488;0.34545454545454546;0.11212121212121212;0.7485817602463235;2.115722179412842
119;18;log2;1314;0.23636363636363636;0.11212121212121212;0.7461865506654852;1.5576374053955078
120;19;log2;279;0.9727272727272727;0.11212121212121212;0.7800081451446881;0.6950278282165527
121;19;log2;1757;0.7;0.11212121212121212;0.7728256491501303;3.643687343597412
122;18;log2;1994;0.1;0.11212121212121212;0.5007482792263007;1.7729338645935058
123;18;log2;1019;0.13636363636363635;0.11212121212121212;0.7413992642517655;1.0572113513946533
124;18;log2;1623;0.8999999999999999;0.11212121212121212;0.7788123304959587;3.909640884399414
125;16;log2;817;0.4181818181818182;0.11212121212121212;0.7524726332089184;1.304375123977661
126;19;log2;336;0.5363636363636364;0.11212121212121212;0.7629494374479739;0.6343427181243897
127;18;log2;1622;0.5909090909090909;0.11212121212121212;0.7689343286521128;3.0926628589630125
128;19;log2;221;0.5636363636363636;0.11212121212121212;0.7662419555507819;0.42899332046508787
129;19;log2;546;0.6272727272727272;0.11212121212121212;0.771628939430556;1.1072000980377197
130;15;log2;1738;0.4636363636363636;0.11212121212121212;0.7548665001834894;2.8244531631469725
131;18;sqrt;196;0.1272727272727273;0.11212121212121212;0.7431934337602821;0.20447368621826173
132;15;sqrt;685;0.28181818181818186;0.11212121212121212;0.7449884983396435;0.8561514377593994
133;6;log2;1638;0.26363636363636367;0.11212121212121212;0.7455877482702756;1.9982477664947509
134;15;log2;1977;0.5545454545454546;0.11212121212121212;0.7665413567483866;3.5485305786132812
135;18;sqrt;239;0.4545454545454546;0.11212121212121212;0.7578596170886925;0.39337005615234377
136;19;log2;1769;0.9545454545454545;0.11212121212121212;0.7818058949365841;4.298728799819946
137;18;log2;1643;0.7727272727272727;0.11212121212121212;0.7758196611261782;3.5755974769592287
138;18;log2;1974;0.32727272727272727;0.11212121212121212;0.7479829578511139;2.686246395111084
139;7;log2;1180;0.9636363636363636;0.11212121212121212;0.7797096390179282;2.9084887504577637
140;2;log2;1506;0.6;0.11212121212121212;0.7473819177787921;2.368925380706787
141;10;sqrt;17;0.9272727272727272;0.11212121212121212;0.7841979717694656;0.05257058143615723
142;19;log2;1768;0.6181818181818182;0.12424242424242425;0.7623510825881867;3.2858067989349364
143;9;sqrt;1384;0.5818181818181818;0.11212121212121212;0.7680370201301432;2.6127861976623534
144;10;sqrt;147;0.4818181818181818;0.1202020202020202;0.7518724882074416;0.25151724815368653
145;2;log2;1989;0.9090909090909091;0.11212121212121212;0.7491783249644209;3.495277833938599
146;7;log2;158;0.9272727272727272;0.1202020202020202;0.7794106853557459;0.37744965553283694
147;14;sqrt;1258;0.9545454545454545;0.1202020202020202;0.7773153245079347;3.0045777320861817
148;18;log2;414;0.9636363636363636;0.1202020202020202;0.7791130742998309;0.9959115505218505
149;4;sqrt;1897;0.9909090909090909;0.1202020202020202;0.772525800417103;4.486076784133911
150;18;sqrt;1735;0.8636363636363635;0.1202020202020202;0.7785138243691989;4.006322002410888
151;16;sqrt;390;0.9454545454545454;0.1202020202020202;0.7797109816241956;0.965931510925293
152;2;log2;929;0.9818181818181817;0.1202020202020202;0.7470847542582996;1.6806099891662598
153;18;sqrt;1365;0.9272727272727272;0.3545454545454545;0.741994933899018;2.0424978256225588
154;10;sqrt;576;0.7545454545454545;0.11212121212121212;0.7779145744385669;1.2823813438415528
155;12;log2;1665;0.9727272727272727;0.1202020202020202;0.7794111328911683;4.05708327293396
156;7;log2;1500;0.8545454545454545;0.1202020202020202;0.7743226551381542;3.4079325675964354
157;11;log2;1458;0.8818181818181817;0.1202020202020202;0.7764175684505428;3.3997847557067873
158;15;log2;1144;0.5454545454545454;0.11212121212121212;0.7647453970981803;2.088866662979126
159;6;log2;767;0.8999999999999999;0.1202020202020202;0.7764184635213878;1.7940107822418212
160;13;sqrt;445;0.8363636363636363;0.1202020202020202;0.7764175684505428;1.011722469329834
161;14;log2;256;0.8454545454545453;0.1202020202020202;0.7773162195787797;0.5925607681274414
162;18;log2;957;0.9454545454545454;0.12828282828282828;0.7746220563357591;2.240285778045654
163;16;sqrt;1784;0.8090909090909091;0.1202020202020202;0.7743231026735766;3.97361421585083
164;7;log2;1063;0.8272727272727273;0.1202020202020202;0.7746225038711814;2.333469343185425
165;8;log2;1553;0.9636363636363636;0.12424242424242425;0.7776151732409622;3.639705848693848
166;14;sqrt;1550;0.9727272727272727;0.12424242424242425;0.7782139756361717;3.6875274658203123
167;10;log2;306;0.8181818181818181;0.11212121212121212;0.777615173240962;0.7134613037109375
168;14;log2;1346;0.9545454545454545;0.12424242424242425;0.77671741718357;3.1313430309295653
169;17;log2;16;0.9454545454545454;0.12424242424242425;0.771926550486471;0.05746622085571289
170;5;sqrt;745;0.5272727272727272;0.11212121212121212;0.763547792307761;1.3107656955718994
171;7;sqrt;160;0.509090909090909;0.11212121212121212;0.7596573668805886;0.28825201988220217
172;4;sqrt;455;0.9727272727272727;0.12828282828282828;0.7728243065438629;1.0071915149688722
173;10;sqrt;1431;0.5727272727272728;0.11212121212121212;0.7662419555507818;2.615145778656006
174;18;sqrt;810;0.8272727272727273;0.11212121212121212;0.7779145744385669;1.832280969619751
175;18;sqrt;182;0.8636363636363635;0.12424242424242425;0.7740219113342821;0.41371932029724123
176;16;sqrt;1339;0.8909090909090909;0.11212121212121212;0.7794106853557459;3.2329987049102784
177;19;sqrt;587;0.9363636363636363;0.11212121212121212;0.7767178647189926;1.437190866470337
178;18;sqrt;629;0.7363636363636363;0.11212121212121212;0.7752208587309687;1.367451286315918
179;6;log2;768;0.6636363636363636;0.1202020202020202;0.7683373163985929;1.5282882690429687
180;19;sqrt;1554;0.7999999999999999;0.1202020202020202;0.7728265442209751;3.427232360839844
181;19;sqrt;209;0.7818181818181817;0.1202020202020202;0.7749205624625188;0.4701115608215332
182;16;log2;1148;1.0;0.1202020202020202;0.7794115804265909;2.8329360485076904
183;10;sqrt;344;0.8909090909090909;0.1202020202020202;0.777615173240962;0.791918134689331
184;19;sqrt;300;0.709090909090909;0.11212121212121212;0.7746233989420264;0.6189555644989013
185;19;sqrt;611;0.7909090909090909;0.1202020202020202;0.7734248990807624;1.370739507675171
186;10;log2;1008;0.7272727272727272;0.1202020202020202;0.7725275905587927;2.080011224746704
187;19;sqrt;393;0.7363636363636363;0.1202020202020202;0.7713322234454857;0.8284250736236572
188;19;log2;351;0.9727272727272727;0.14040404040404042;0.7734257941516072;0.8043461322784424
189;15;log2;181;0.9545454545454545;0.10404040404040404;0.7794111328911683;0.45343937873840334
190;15;sqrt;1414;0.9636363636363636;0.10404040404040404;0.781804552330317;3.5500488758087156
191;15;log2;1876;0.8363636363636363;0.12424242424242425;0.7743235502089991;4.1502227783203125
192;15;sqrt;1343;0.7727272727272727;0.1202020202020202;0.7746225038711815;2.8635056018829346
193;7;sqrt;1931;0.709090909090909;0.10808080808080808;0.7746225038711815;4.151442289352417
194;18;log2;588;0.9545454545454545;0.10808080808080808;0.7809076913437698;1.4930589199066162
195;7;sqrt;1226;0.38181818181818183;0.11212121212121212;0.7506762260232896;1.8527924060821532
196;6;log2;1262;0.9636363636363636;0.10808080808080808;0.780009040215533;3.1924869060516357
197;18;sqrt;175;0.22727272727272727;0.3545454545454545;0.5013470816215103;0.17536535263061523
198;19;log2;52;0.8909090909090909;0.1202020202020202;0.7761199573946278;0.13255019187927247
199;5;log2;18;0.709090909090909;0.1202020202020202;0.7713326709809081;0.050634241104125975
200;18;log2;1825;0.7818181818181817;0.11212121212121212;0.7755202599285733;4.112372016906738
201;1;log2;147;0.6909090909090908;0.1202020202020202;0.7437917886200692;0.19768948554992677
202;14;log2;253;0.9272727272727272;0.11212121212121212;0.7809081388791922;0.6473959922790528
203;19;log2;657;0.7454545454545454;0.10404040404040404;0.7785133768337765;1.4820334911346436
204;10;sqrt;1662;1.0;0.11212121212121212;0.7809076913437698;4.241036987304687
205;16;log2;1580;0.9363636363636363;0.1202020202020202;0.7788123304959587;3.7545888423919678
206;10;log2;1548;0.7909090909090909;0.1202020202020202;0.7728260966855527;3.398277997970581
207;10;log2;1890;0.7999999999999999;0.1202020202020202;0.7725271430233703;4.157728099822998
208;14;log2;1345;0.6454545454545454;0.1202020202020202;0.7656436006909947;2.590321588516235
209;12;log2;1638;0.6545454545454545;0.1202020202020202;0.7683377639340153;3.1490824699401854
210;10;log2;1413;0.5818181818181818;0.1202020202020202;0.7632492861810012;2.5349916934967043
211;18;sqrt;1407;0.8818181818181817;0.1202020202020202;0.77701592331033;3.21472110748291
212;18;sqrt;726;0.8727272727272727;0.10808080808080808;0.7809081388791922;1.7222261428833008
213;16;sqrt;269;0.8999999999999999;0.11212121212121212;0.7797091914825058;0.6440991401672364
214;18;log2;956;0.47272727272727266;0.11212121212121212;0.7572617097643277;1.5651258468627929
215;10;sqrt;1800;0.8454545454545453;0.10808080808080808;0.7788127780313813;4.212807893753052
216;11;sqrt;63;0.8545454545454545;0.10404040404040404;0.7785133768337765;0.15682430267333985
217;18;sqrt;901;0.6818181818181818;0.11212121212121212;0.7731263929540024;1.8508502960205078
218;19;sqrt;471;0.7;0.10808080808080808;0.7764180159859653;1.0040816783905029
219;7;log2;1075;0.9272727272727272;0.10404040404040404;0.7803079938777154;2.691752529144287
220;18;sqrt;572;0.9090909090909091;0.1202020202020202;0.7782135281007492;1.3679564952850343
221;18;log2;470;0.2181818181818182;0.10808080808080808;0.7467853530606947;0.5609891414642334
222;17;log2;29;0.6818181818181818;0.49595959595959593;0.7381067461489577;0.04620170593261719
223;18;log2;404;0.5727272727272728;0.10808080808080808;0.7689356712583801;0.7725583553314209
224;8;sqrt;43;0.9272727272727272;0.10808080808080808;0.7797123242304629;0.13191347122192382
225;15;log2;168;0.9272727272727272;0.12828282828282828;0.7737260904200568;0.46744093894958494
226;15;log2;1011;0.9727272727272727;0.10808080808080808;0.7806078426107426;3.0516099452972414
227;3;log2;149;0.9727272727272727;0.10404040404040404;0.7596537865972092;0.3997154712677002
228;15;log2;984;0.9272727272727272;0.12424242424242425;0.7752204111955461;2.942026138305664
229;9;sqrt;1992;0.9818181818181817;0.11212121212121212;0.7812066450059522;6.280695152282715
230;19;sqrt;1200;0.6727272727272727;0.10808080808080808;0.7722263992194982;3.086069869995117
231;3;sqrt;1819;0.9454545454545454;0.10808080808080808;0.762946304700017;4.9265162467956545
232;10;sqrt;1248;0.6363636363636364;0.11212121212121212;0.7719278930927382;3.2547311782836914
233;16;log2;1991;0.7;0.1202020202020202;0.7713299857683735;4.228406858444214
234;19;sqrt;1897;0.9272727272727272;0.4313131313131313;0.7419980666469751;2.878168058395386
235;9;sqrt;506;0.1272727272727273;0.4797979797979798;0.5013470816215103;0.6618168354034424
236;16;log2;889;0.42727272727272725;0.12828282828282828;0.7509765222917394;1.378352165222168
237;18;sqrt;820;0.5454545454545454;0.12424242424242425;0.7566611172274286;1.461072063446045
238;15;sqrt;1306;0.7454545454545454;0.10808080808080808;0.7764189110568102;2.9832128524780273
239;17;sqrt;1056;0.3;0.23737373737373738;0.7434946250995766;1.2507948875427246
240;19;sqrt;1960;0.609090909090909;0.10404040404040404;0.7728265442209752;3.9758606910705567
241;18;sqrt;649;0.9272727272727272;0.23737373737373738;0.7476831091180867;1.1684436798095703
242;19;log2;811;0.9909090909090909;0.10404040404040404;0.7815069412744019;2.157920408248901
243;16;log2;1814;0.7636363636363636;0.11212121212121212;0.7740232539405494;4.120745325088501
244;18;log2;1076;0.7181818181818181;0.1202020202020202;0.771628939430556;2.2988813400268553
245;9;sqrt;1245;0.8181818181818181;0.1202020202020202;0.7728256491501303;2.702633094787598
246;9;log2;1172;0.9181818181818181;0.10808080808080808;0.7797105340887731;2.8487782001495363
247;15;log2;1010;1.0;0.10808080808080808;0.7800099352863779;2.573909854888916
248;18;log2;1718;0.9909090909090909;0.10808080808080808;0.7809076913437698;4.29864501953125
249;12;sqrt;743;0.8636363636363635;0.10808080808080808;0.7806078426107426;1.764601755142212
250;15;sqrt;1085;0.6;0.10808080808080808;0.772228189361188;2.0458923816680907
251;5;sqrt;845;0.8818181818181817;0.10808080808080808;0.7791117316935635;1.9945613384246825
252;5;log2;690;0.40909090909090906;0.1202020202020202;0.7500778711635026;1.0502599716186523
253;9;sqrt;602;0.8999999999999999;0.10808080808080808;0.7794111328911683;1.4988372325897217
254;5;sqrt;895;0.9272727272727272;0.14040404040404042;0.7707316309085864;1.9983684062957763
255;9;sqrt;1002;0.3727272727272727;0.10808080808080808;0.7509756272208945;1.5002496719360352
256;11;log2;144;0.7909090909090909;0.18888888888888888;0.7503763772902625;0.2756772041320801
257;8;sqrt;1701;0.2545454545454545;0.24545454545454545;0.5013470816215103;1.6176608085632325
258;7;log2;1097;0.8545454545454545;0.10808080808080808;0.7794111328911683;2.604076862335205
259;5;sqrt;408;0.9363636363636363;0.10808080808080808;0.7809076913437698;1.0158106803894043
260;13;sqrt;1419;0.8363636363636363;0.10808080808080808;0.7791117316935635;3.3479525089263915
261;9;sqrt;1679;0.9272727272727272;0.22525252525252526;0.7500787662343475;3.0601189613342283
262;12;sqrt;103;0.8272727272727273;0.10808080808080808;0.7797087439470834;0.24996614456176758
263;10;sqrt;835;0.8090909090909091;0.10808080808080808;0.7785138243691989;1.919693660736084
264;9;log2;1646;0.7727272727272727;0.10808080808080808;0.7761186147883604;3.6414247512817384
265;3;sqrt;1484;0.8909090909090909;0.10808080808080808;0.7632448108267769;3.046434831619263
266;9;log2;1321;0.7545454545454545;0.10808080808080808;0.7764175684505428;2.8814972400665284
267;16;log2;910;0.8181818181818181;0.10808080808080808;0.7785133768337764;2.0643787384033203
268;10;sqrt;86;0.7636363636363636;0.10808080808080808;0.7764175684505428;0.208626127243042
269;16;sqrt;1672;0.7545454545454545;0.1202020202020202;0.7713290906975288;3.5067751884460447
270;19;sqrt;826;0.9272727272727272;0.36262626262626263;0.7428949276335223;1.2192735195159912
271;1;log2;790;0.7909090909090909;0.10808080808080808;0.7422961252383127;1.0399702548980714
272;9;sqrt;1879;0.9636363636363636;0.12828282828282828;0.77671741718357;4.379685401916504
273;17;sqrt;6;0.7636363636363636;0.1202020202020202;0.7626469035024123;0.030108308792114256
274;13;log2;1814;0.7818181818181817;0.10808080808080808;0.7776156207763846;4.053061771392822
275;18;sqrt;1667;1.0;0.10404040404040404;0.7809076913437697;4.254063415527344
276;19;sqrt;1406;0.9272727272727272;0.19696969696969696;0.7524721856734959;2.6465466976165772
277;9;log2;173;0.9545454545454545;0.12828282828282828;0.7749210099979413;0.4071510314941406
278;16;sqrt;1134;0.8454545454545453;0.10404040404040404;0.7806082901461651;2.6858425617218016
279;19;sqrt;1836;0.9272727272727272;0.22121212121212122;0.7491801151061106;3.2728285789489746
280;5;log2;1648;0.8999999999999999;0.10404040404040404;0.7800085926801106;4.009506750106811
281;9;sqrt;1291;0.8818181818181817;0.10404040404040404;0.7803079938777154;3.1811227321624758
282;10;log2;1480;0.8636363636363635;0.10404040404040404;0.7806082901461651;3.611853075027466
283;12;sqrt;1505;0.8363636363636363;0.10404040404040404;0.7797100865533506;3.725684928894043
284;9;log2;1904;0.8272727272727273;0.10404040404040404;0.7794115804265909;4.548907518386841
285;9;sqrt;458;0.9272727272727272;0.15656565656565657;0.7650439032249403;0.9818530559539795
286;4;sqrt;13;0.9363636363636363;0.10404040404040404;0.7677335911137366;0.046734189987182616
287;18;sqrt;1967;0.8727272727272727;0.10404040404040404;0.7800094877509555;4.825024175643921
288;10;sqrt;818;0.8090909090909091;0.10404040404040404;0.7803097840194052;1.9528748989105225
289;10;sqrt;508;0.9272727272727272;0.14444444444444446;0.7710314796416136;1.1104555606842041
290;18;log2;111;0.7999999999999999;0.10808080808080808;0.7779132318322995;0.26342101097106935
291;18;log2;194;1.0;0.12424242424242425;0.7779145744385669;0.48398475646972655
292;1;sqrt;169;1.0;0.12828282828282828;0.7419967240407078;0.2371037483215332
293;19;sqrt;792;0.6272727272727272;0.10808080808080808;0.7713299857683735;1.559314203262329
294;9;sqrt;1013;0.9454545454545454;0.10404040404040404;0.7821048485987665;2.582975149154663
295;3;sqrt;567;0.8181818181818181;0.10404040404040404;0.7596533390617868;1.1709970951080322
296;15;log2;1701;0.6818181818181818;0.10808080808080808;0.7728265442209751;3.60145788192749
297;2;log2;1152;0.6363636363636364;0.10808080808080808;0.748280568907029;1.866826629638672
298;13;sqrt;1388;0.7272727272727272;0.10808080808080808;0.7761190623237829;3.074900579452515
299;16;sqrt;1537;0.9272727272727272;0.1;0.781505151132712;3.8166422843933105
300;18;sqrt;1063;0.9727272727272727;0.10808080808080808;0.7809076913437698;2.6627622127532957
301;16;sqrt;1432;0.9545454545454545;0.1;0.7809076913437698;3.6427779674530028
302;19;log2;788;0.5272727272727272;0.10808080808080808;0.7641474897738155;1.4136765480041504
303;13;sqrt;1190;0.5909090909090909;0.1;0.7728256491501303;2.348516416549683
304;7;sqrt;426;0.9636363636363636;0.1;0.7812061974705298;1.1068997859954834
305;19;sqrt;1962;0.6181818181818182;0.10808080808080808;0.7722272942903431;3.883995199203491
306;16;sqrt;2;0.8999999999999999;0.1;0.7581536478612282;0.018396615982055664
307;7;sqrt;1860;0.9545454545454545;0.11616161616161616;0.7785129292983539;4.560349369049073
308;7;sqrt;852;0.9545454545454545;0.491919191919192;0.7419971715761303;1.1977237701416015
309;7;sqrt;651;0.9545454545454545;0.1606060606060606;0.7671419492852859;1.3902445793151856
310;7;sqrt;562;0.9545454545454545;0.10404040404040404;0.7830012620498913;1.461955976486206
311;14;sqrt;1876;0.5545454545454546;0.10808080808080808;0.7689356712583801;3.5087152481079102
312;19;sqrt;759;0.9272727272727272;0.4232323232323232;0.741698217913948;1.028926706314087
313;9;sqrt;777;0.3;0.10808080808080808;0.7473837079204819;1.0165791034698486
314;7;sqrt;1302;0.5636363636363636;0.11212121212121212;0.7635486873786059;2.402476596832275
315;5;sqrt;1365;0.9636363636363636;0.16464646464646465;0.7626495887149467;2.8520185470581056
316;19;sqrt;659;0.9636363636363636;0.2696969696969697;0.7428940325626774;1.0860920906066895
317;9;sqrt;1783;0.9272727272727272;0.11616161616161616;0.7788123304959587;4.290618419647217
318;17;sqrt;1095;0.9636363636363636;0.20505050505050504;0.7512745808830769;2.0812727928161623
319;17;sqrt;1880;0.9636363636363636;0.28585858585858587;0.7440911898176741;3.096127462387085
320;19;sqrt;101;0.9636363636363636;0.18484848484848487;0.7554661976495438;0.20751914978027344
321;13;log2;1389;0.509090909090909;0.10808080808080808;0.7656436006909947;2.43362979888916
322;7;sqrt;1106;0.9636363636363636;0.44747474747474747;0.7419976191115527;1.4770772933959961
323;7;sqrt;1639;0.9636363636363636;0.2656565656565657;0.7458880445387253;2.7331835269927978
324;19;sqrt;1281;0.9636363636363636;0.2898989898989899;0.7437917886200693;2.045920181274414
325;5;sqrt;1700;0.5363636363636364;0.10808080808080808;0.7656431531555723;3.0483318328857423
326;17;sqrt;1967;0.9636363636363636;0.3909090909090909;0.7440929799593639;2.7528176307678223
327;19;sqrt;1048;0.9636363636363636;0.3787878787878788;0.7443919336215462;1.5060671806335448
328;19;sqrt;590;0.9636363636363636;0.4636363636363636;0.7413979216454982;0.8354992389678955
329;19;sqrt;184;0.9636363636363636;0.41515151515151516;0.7446899922128837;0.2676961898803711
330;5;log2;1137;0.4545454545454546;0.10808080808080808;0.7557655988471487;1.9130606174468994
331;16;sqrt;1783;0.9636363636363636;0.4757575757575757;0.7419971715761303;2.4502258777618406
332;19;sqrt;67;0.9636363636363636;0.1808080808080808;0.7572617097643277;0.14381885528564453
333;18;log2;1754;0.4818181818181818;0.10808080808080808;0.7608540766001628;3.0339519023895263
334;17;sqrt;669;0.49090909090909085;0.10404040404040404;0.7641470422383931;1.1926241874694825
335;12;log2;1553;0.9363636363636363;0.10808080808080808;0.7812066450059522;3.8716409683227537
336;7;sqrt;586;0.9636363636363636;0.32626262626262625;0.7440916373530965;0.9442872047424317
337;7;sqrt;760;0.9636363636363636;0.2535353535353535;0.7476840041889316;1.3243160724639893
338;19;sqrt;752;0.9636363636363636;0.15252525252525254;0.7692346249205625;1.5951901912689208
339;19;sqrt;911;0.9636363636363636;0.23333333333333334;0.7491801151061107;1.6362954139709474
340;5;sqrt;1985;0.9636363636363636;0.5;0.7425950789004949;2.724261999130249
341;16;sqrt;1600;0.9545454545454545;0.398989898989899;0.743194328831127;2.2380974769592283
342;16;sqrt;245;0.5;0.10808080808080808;0.7662415080153594;0.44548931121826174
343;16;sqrt;1287;0.9909090909090909;0.10404040404040404;0.7812061974705298;3.295515012741089
344;19;sqrt;215;0.9545454545454545;0.1686868686868687;0.7596573668805886;0.45799031257629397
345;5;sqrt;408;0.9636363636363636;0.30606060606060603;0.744988945875066;0.6417068481445313
346;17;sqrt;187;0.9545454545454545;0.2292929292929293;0.7482819115132963;0.34945950508117674
347;5;log2;1202;0.9636363636363636;0.11616161616161616;0.7773157720433572;2.8748699188232423
348;19;sqrt;20;0.9636363636363636;0.3666666666666667;0.7413992642517655;0.042705202102661134
349;19;sqrt;699;0.9545454545454545;0.24141414141414141;0.7479829578511139;1.2592364311218263
350;19;sqrt;856;0.9545454545454545;0.3181818181818182;0.7443910385507013;1.3752095222473144
351;16;sqrt;1158;0.9545454545454545;0.31414141414141417;0.7446895446774613;1.8476293087005615
352;5;sqrt;35;0.9636363636363636;0.3343434343434344;0.7476844517243539;0.07431855201721191
353;19;sqrt;1303;0.9545454545454545;0.2777777777777778;0.7440911898176741;2.163953447341919
354;19;sqrt;1388;0.9636363636363636;0.20101010101010103;0.7512745808830769;2.721073341369629
355;7;sqrt;1724;0.9636363636363636;0.302020202020202;0.7440911898176741;2.731667995452881
356;13;log2;809;0.9636363636363636;0.1;0.7803097840194052;2.109752321243286
357;19;sqrt;717;0.9636363636363636;0.39494949494949494;0.7428953751689447;0.9994017124176026
358;5;sqrt;559;0.44545454545454544;0.10808080808080808;0.756661564762851;0.9037905693054199
359;13;sqrt;1271;0.8545454545454545;0.11212121212121212;0.7797109816241956;2.975494146347046
360;7;sqrt;1485;0.9636363636363636;0.4878787878787879;0.7413983691809207;2.0183764934539794
361;5;sqrt;61;0.4636363636363636;0.10808080808080808;0.759654681668054;0.11939926147460937
362;7;sqrt;1880;0.9545454545454545;0.4353535353535354;0.7425950789004949;2.5897438526153564
363;5;sqrt;1398;0.9545454545454545;0.2090909090909091;0.7500778711635026;2.550041913986206
364;19;log2;1919;0.9636363636363636;0.38282828282828285;0.7455895384119653;2.702840518951416
365;16;sqrt;57;0.9545454545454545;0.4555555555555556;0.7419971715761303;0.09631996154785157
366;19;sqrt;1430;0.9636363636363636;0.13232323232323234;0.7749210099979413;3.2890748500823976
367;13;sqrt;843;0.9636363636363636;0.297979797979798;0.7443905910152788;1.4097746372222901
368;19;log2;1662;0.9636363636363636;0.21717171717171718;0.750078318698925;3.116658401489258
369;7;sqrt;224;0.9636363636363636;0.45151515151515154;0.7431934337602821;0.32274765968322755
370;13;sqrt;618;0.9545454545454545;0.45959595959595956;0.7422970203091575;0.8562699794769287
371;7;sqrt;265;0.40909090909090906;0.10404040404040404;0.7536697904639151;0.43458309173583987
372;19;sqrt;1048;0.3909090909090909;0.10404040404040404;0.7536688953930704;1.6428767681121825
373;5;sqrt;790;0.42727272727272725;0.10404040404040404;0.7569600708896109;1.3080902576446534
374;19;log2;634;0.9636363636363636;0.40303030303030307;0.7437917886200693;0.8672194480895996
375;13;log2;1098;0.9636363636363636;0.2737373737373737;0.7434932824933094;1.7859253883361816
376;19;sqrt;1867;0.4181818181818182;0.10404040404040404;0.7557642562408814;2.929788017272949
377;7;sqrt;449;0.4;0.11212121212121212;0.7518720406720192;0.6743103981018066
378;18;sqrt;203;0.4363636363636364;0.10808080808080808;0.7578618547658047;0.34368124008178713
379;17;sqrt;1219;0.8727272727272727;0.11212121212121212;0.7794120279620133;2.8646239757537844
380;19;sqrt;1118;0.36363636363636365;0.10404040404040404;0.7512754759539219;1.65326828956604
381;7;sqrt;728;0.34545454545454546;0.10404040404040404;0.7494795163037155;1.0427320003509521
382;10;sqrt;474;0.32727272727272727;0.10808080808080808;0.7485808651754786;0.6651601791381836
383;5;sqrt;1691;0.9636363636363636;0.10808080808080808;0.7788123304959587;4.116991949081421
384;19;sqrt;520;0.5909090909090909;0.11212121212121212;0.7677394090742282;1.0022757530212403
385;18;sqrt;1936;0.3545454545454545;0.10404040404040404;0.7506766735587121;2.9577362060546877
386;12;log2;1592;0.28181818181818186;0.10404040404040404;0.745588195805698;2.0982807159423826
387;5;log2;325;0.9545454545454545;0.13232323232323234;0.7746220563357591;0.7812187194824218
388;13;sqrt;1811;0.6636363636363636;0.10808080808080808;0.7728260966855527;3.7523274421691895
389;18;sqrt;590;0.8636363636363635;0.11616161616161616;0.7779141269031443;1.386281681060791
390;19;log2;941;0.19090909090909092;0.10808080808080808;0.7419962765052853;1.0611202239990234
391;7;sqrt;731;0.3181818181818182;0.10404040404040404;0.7497784699658978;1.0534119129180908
392;12;log2;993;0.7636363636363636;0.10808080808080808;0.7755193648577285;2.279283142089844
393;7;sqrt;1294;0.7727272727272727;0.10404040404040404;0.7773162195787797;2.9006871700286867
394;15;sqrt;875;0.7818181818181817;0.10404040404040404;0.7782144231715942;1.994966459274292
395;7;sqrt;248;0.5909090909090909;0.10808080808080808;0.7677398566096507;0.47609853744506836
396;15;sqrt;877;0.9727272727272727;0.11212121212121212;0.7803088889485602;2.1897650241851805
397;1;log2;184;0.8636363636363635;0.1;0.7434928349578869;0.25055694580078125
398;18;sqrt;981;0.26363636363636367;0.10808080808080808;0.7446899922128837;1.2539067268371582
399;11;sqrt;436;0.9545454545454545;0.11212121212121212;0.7800103828218005;1.0982573986053468
400;13;sqrt;1286;0.6909090909090908;0.10808080808080808;0.7740228064051269;2.7530232429504395
401;18;sqrt;318;0.7999999999999999;0.10404040404040404;0.7803084414131378;0.7582430839538574
402;13;sqrt;1502;0.9272727272727272;0.10404040404040404;0.7803093364839826;3.7090385437011717
403;19;sqrt;1320;0.23636363636363636;0.10808080808080808;0.7470847542582996;1.548591947555542
404;5;log2;1860;0.9636363636363636;0.10404040404040404;0.7800090402155331;4.525891494750977
405;18;sqrt;721;0.2181818181818182;0.10404040404040404;0.7461861031300627;0.8499130725860595
406;18;log2;761;0.18181818181818182;0.10808080808080808;0.7413979216454982;0.815479850769043
407;19;sqrt;652;0.9090909090909091;0.10404040404040404;0.7821039535279216;1.625431728363037
408;7;sqrt;589;0.2909090909090909;0.10404040404040404;0.7467853530606947;0.7955443382263183
409;5;log2;1731;0.16363636363636364;0.10404040404040404;0.7434932824933094;1.7751540184020995
410;18;sqrt;1038;0.9818181818181817;0.10404040404040404;0.7830021571207361;2.627355194091797
411;15;sqrt;285;0.24545454545454545;0.10404040404040404;0.745886701932458;0.3652395725250244
412;11;sqrt;1275;0.2;0.10808080808080808;0.7422961252383126;1.4715697288513183
413;19;log2;1954;0.9272727272727272;0.10808080808080808;0.7803084414131378;4.870777654647827
414;8;sqrt;1456;0.9454545454545454;0.11212121212121212;0.7788123304959587;3.649799919128418
415;10;sqrt;269;0.2090909090909091;0.10404040404040404;0.7437917886200693;0.3278724193572998
416;14;sqrt;967;0.13636363636363635;0.10404040404040404;0.7410994155187384;0.993205451965332
417;19;sqrt;328;0.9818181818181817;0.10808080808080808;0.7806091852170101;0.8373441696166992
418;5;sqrt;1927;0.8636363636363635;0.10404040404040404;0.7797105340887731;4.492109775543213
419;7;sqrt;1166;0.17272727272727273;0.10404040404040404;0.7425946313650724;1.2304954528808594
420;18;sqrt;243;0.15454545454545454;0.10404040404040404;0.7407977766440215;0.26177353858947755
421;15;sqrt;1008;0.14545454545454545;0.10808080808080808;0.7428940325626774;1.0346290111541747
422;13;log2;335;0.8090909090909091;0.10404040404040404;0.7788114354251139;0.7785587310791016
423;14;sqrt;1467;0.9909090909090909;0.12828282828282828;0.7770163708457524;3.4377748012542724
424;18;log2;1965;0.9909090909090909;0.14444444444444446;0.7707316309085864;4.337634897232055
425;10;log2;162;0.7454545454545454;0.10808080808080808;0.7779145744385667;0.366964054107666
426;18;log2;461;0.1272727272727273;0.10808080808080808;0.7419976191115527;0.49270262718200686
427;16;log2;332;0.6909090909090908;0.10404040404040404;0.7788118829605362;0.7278146743774414
428;19;log2;1530;0.9181818181818181;0.11212121212121212;0.7782135281007492;3.740126848220825
429;5;log2;1654;0.9909090909090909;0.11616161616161616;0.7797100865533506;4.110107469558716
430;5;log2;1056;0.9909090909090909;0.28181818181818186;0.7434932824933094;1.7338652610778809
431;16;log2;362;0.8818181818181817;0.11616161616161616;0.7791126267644085;0.84056396484375
432;19;log2;1391;0.9636363636363636;0.13636363636363635;0.7749219050687863;3.1838098526000977
433;14;sqrt;1894;0.9454545454545454;0.11616161616161616;0.7785133768337765;4.600610733032227
434;16;sqrt;1893;0.9090909090909091;0.10808080808080808;0.7800099352863779;4.579404687881469
435;18;sqrt;651;0.8909090909090909;0.10404040404040404;0.781804552330317;1.5569080352783202
436;7;sqrt;1919;0.9545454545454545;0.4191919191919192;0.7431934337602821;2.574533700942993
437;16;log2;519;0.9454545454545454;0.10404040404040404;0.7824033547255265;1.3170302867889405
438;15;sqrt;1186;0.9636363636363636;0.4434343434343434;0.7419967240407079;1.6158708572387694
439;17;sqrt;386;0.8545454545454545;0.10808080808080808;0.7791117316935635;0.935664701461792
440;18;log2;285;0.9727272727272727;0.11616161616161616;0.7797100865533506;0.7180369377136231
441;16;log2;419;0.8636363636363635;0.15252525252525254;0.7632492861810012;0.8705943584442138
442;19;sqrt;1424;0.8363636363636363;0.11616161616161616;0.7764180159859653;3.2585941791534423
443;14;sqrt;53;0.7;0.10404040404040404;0.773724300278367;0.12366762161254882
444;13;log2;637;0.8454545454545453;0.10404040404040404;0.7812070925413745;1.5019428730010986
445;18;log2;1415;0.9636363636363636;0.26161616161616164;0.7458884920741476;2.356319522857666
446;17;sqrt;193;0.7181818181818181;0.10404040404040404;0.7797100865533506;0.4366133213043213
447;18;log2;409;0.8363636363636363;0.10404040404040404;0.7809081388791923;0.9942673683166504
448;15;sqrt;180;0.7181818181818181;0.10808080808080808;0.77671741718357;0.3962740898132324
449;7;log2;1693;0.9636363636363636;0.17272727272727273;0.7593593082892511;3.42190842628479
450;13;log2;1865;0.9363636363636363;0.10808080808080808;0.7803093364839826;4.567665100097656
451;14;sqrt;352;0.6909090909090908;0.10404040404040404;0.7788141206376485;0.7664617538452149
452;19;sqrt;196;0.9454545454545454;0.11212121212121212;0.7779141269031443;0.5107792377471924
453;16;log2;1944;0.9636363636363636;0.10808080808080808;0.7806078426107426;4.950358104705811
454;10;log2;1193;0.8454545454545453;0.11616161616161616;0.7782135281007492;2.718062496185303
455;19;log2;1163;0.8545454545454545;0.11616161616161616;0.7767169696481476;2.6911553382873534
456;15;sqrt;843;0.9909090909090909;0.13232323232323234;0.777616068311807;1.9640381813049317
457;12;sqrt;1595;0.9454545454545454;0.10404040404040404;0.780608290146165;3.9641659259796143
458;14;sqrt;1625;0.7545454545454545;0.10808080808080808;0.7755207074639958;3.5285341262817385
459;10;log2;864;0.8818181818181817;0.10404040404040404;0.7815069412744018;2.1244431018829344
460;10;log2;1611;0.9636363636363636;0.15656565656565657;0.7662419555507818;3.4647839069366455
461;19;log2;1535;0.8636363636363635;0.10808080808080808;0.7803088889485602;3.6045133590698244
462;10;log2;713;0.9454545454545454;0.1202020202020202;0.7779145744385668;1.6875195503234863
463;19;log2;1951;1.0;0.13232323232323234;0.7758192135907557;4.5134624481201175
464;15;sqrt;978;0.9090909090909091;0.11616161616161616;0.7779145744385669;2.3114914894104004
465;7;sqrt;1409;0.9818181818181817;0.11616161616161616;0.7785129292983539;3.539685821533203
466;14;sqrt;751;0.9272727272727272;0.13232323232323234;0.7758196611261783;1.732663869857788
467;7;log2;1247;0.8999999999999999;0.10808080808080808;0.7803088889485602;3.098579740524292
468;8;log2;1470;0.9909090909090909;0.1;0.7836009595159457;3.7756488800048826
469;16;log2;1639;0.8090909090909091;0.1;0.7809081388791922;3.8123433113098146
470;2;sqrt;515;0.8090909090909091;0.11616161616161616;0.7467853530606948;0.8712311744689941
471;5;log2;788;0.9363636363636363;0.1;0.7803093364839826;1.9525626659393311
472;7;sqrt;1516;0.9727272727272727;0.1;0.7830026046561585;3.843418502807617
473;14;log2;555;0.9363636363636363;0.10808080808080808;0.7815055986681345;1.3575310230255127
474;16;log2;1274;0.9727272727272727;0.1;0.7821048485987665;3.2982838630676268
475;7;sqrt;39;0.8545454545454545;0.1;0.7728292294335095;0.11022577285766602
476;7;log2;1519;0.6909090909090908;0.1;0.7764180159859653;3.269386148452759
477;8;log2;1514;0.9272727272727272;0.11616161616161616;0.7797105340887731;3.708645534515381
478;19;log2;1931;0.8818181818181817;0.1;0.7803093364839826;4.843456649780274
479;10;sqrt;415;0.9909090909090909;0.12424242424242425;0.7776160683118069;0.9969083786010742
480;16;sqrt;1305;0.7272727272727272;0.10404040404040404;0.7779150219739892;2.8340660572052
481;18;log2;621;0.8454545454545453;0.10808080808080808;0.7809081388791922;1.4620320320129394
482;5;log2;546;0.8454545454545453;0.1;0.7770159233103299;1.3202112674713136
483;8;log2;1012;0.9909090909090909;0.1606060606060606;0.7674409029474683;2.1504613876342775
484;9;log2;1070;0.8181818181818181;0.10404040404040404;0.7806082901461651;2.4695342540740968
485;9;log2;1750;1.0;0.1;0.7830026046561585;4.49247179031372
486;17;sqrt;940;0.9909090909090909;0.1;0.7824042497963714;2.4591558456420897
487;14;log2;1140;0.8727272727272727;0.1;0.7821044010633441;2.8429564476013183
488;9;log2;1213;0.9636363636363636;0.47171717171717176;0.7419967240407078;1.6524834156036377
489;17;sqrt;75;0.9818181818181817;0.1;0.7833029009246081;0.21071991920471192
490;8;log2;406;0.7363636363636363;0.10404040404040404;0.7755193648577284;0.9236624240875244
491;13;log2;269;0.8909090909090909;0.11616161616161616;0.7767169696481476;0.618793249130249
492;18;log2;638;0.9090909090909091;0.1;0.7818054474011618;1.6010282516479493
493;8;sqrt;1640;0.9545454545454545;0.10404040404040404;0.7803088889485602;4.199116945266724
494;9;log2;1181;0.7818181818181817;0.1;0.7800099352863779;2.743348741531372
495;19;log2;716;0.709090909090909;0.10404040404040404;0.7761177197175156;1.5400254726409912
496;6;log2;329;0.8363636363636363;0.1;0.7818049998657393;0.7812327861785888
497;6;log2;281;0.9545454545454545;0.1;0.7815064937389794;0.7361579895019531
498;15;log2;1811;0.8181818181818181;0.1;0.7797100865533506;4.357203626632691
499;9;log2;1824;0.9909090909090909;0.1484848484848485;0.7689356712583801;4.1420214653015135
500;17;sqrt;568;0.8636363636363635;0.11212121212121212;0.7764180159859653;1.3598384380340576
