,mean_fit_time,std_fit_time,mean_score_time,std_score_time,param_learning_rate,param_max_depth,param_min_samples_leaf,param_min_samples_split,param_n_estimators,param_subsample,params,split0_test_score,split1_test_score,split2_test_score,mean_test_score,std_test_score,rank_test_score
0,4.727789719899495,1.4739256235030598,0.028285900751749676,0.005127229828745672,0.21197606382337986,67,1,4,743,0.7472352791392958,"{'learning_rate': 0.21197606382337986, 'max_depth': 67, 'min_samples_leaf': 1, 'min_samples_split': 4, 'n_estimators': 743, 'subsample': 0.7472352791392958}",0.8212088319474387,0.796448195805791,0.7743692416091976,0.7973420897874757,0.01913262642018305,94
1,0.4047865072886149,0.04080128610706759,0.007565498352050781,0.005765160516277049,0.15242449069545322,58,3,3,97,0.621724867320349,"{'learning_rate': 0.15242449069545322, 'max_depth': 58, 'min_samples_leaf': 3, 'min_samples_split': 3, 'n_estimators': 97, 'subsample': 0.621724867320349}",0.8165910340153681,0.8108908359368258,0.7976795679949837,0.8083871459823925,0.00792095256481129,45
2,0.28464508056640625,0.0,0.005446434020996094,0.0077024208590629065,0.050585721162811514,33,3,2,112,0.3917358040415869,"{'learning_rate': 0.050585721162811514, 'max_depth': 33, 'min_samples_leaf': 3, 'min_samples_split': 2, 'n_estimators': 112, 'subsample': 0.3917358040415869}",0.8397723408814565,0.8404462051385111,0.8190443695297576,0.833087638516575,0.009933900748994699,5
3,0.46129870414733887,0.013502836782400931,0.005800803502400716,0.0056774364163561745,0.08098019031663675,37,1,2,69,0.6686128159183453,"{'learning_rate': 0.08098019031663675, 'max_depth': 37, 'min_samples_leaf': 1, 'min_samples_split': 2, 'n_estimators': 69, 'subsample': 0.6686128159183453}",0.8290972458196761,0.8119942501190639,0.8088703222039269,0.816653939380889,0.008890693177021874,21
4,2.403127590815226,0.13809278891747015,0.026457866032918293,0.0023809376233525,0.13767458163858212,85,4,4,597,0.4850771417540376,"{'learning_rate': 0.13767458163858212, 'max_depth': 85, 'min_samples_leaf': 4, 'min_samples_split': 4, 'n_estimators': 597, 'subsample': 0.4850771417540376}",0.804504985541904,0.8018258141429178,0.7886626815581022,0.7983311604143081,0.006923587817067128,90
5,1.0555195013682048,0.020994843430564958,0.015392303466796875,0.0006432590114397901,0.0963563443447293,8,2,5,381,0.4219560269281196,"{'learning_rate': 0.0963563443447293, 'max_depth': 8, 'min_samples_leaf': 2, 'min_samples_split': 5, 'n_estimators': 381, 'subsample': 0.4219560269281196}",0.8067846011940684,0.7926862485862323,0.7819593109889307,0.7938100535897438,0.010165987792856608,105
6,1.1117765108744304,0.11413994649732076,0.012711286544799805,0.0005098006975586451,0.1309908849273479,86,3,8,412,0.31106158766405756,"{'learning_rate': 0.1309908849273479, 'max_depth': 86, 'min_samples_leaf': 3, 'min_samples_split': 8, 'n_estimators': 412, 'subsample': 0.31106158766405756}",0.7833057888502087,0.761027279567645,0.7566863277965604,0.7670064654048048,0.011660815413258863,156
7,0.5850598017374674,0.026763269442220704,0.011647224426269531,0.004050507379287471,0.2965186330898335,4,3,7,577,0.1251837595386541,"{'learning_rate': 0.2965186330898335, 'max_depth': 4, 'min_samples_leaf': 3, 'min_samples_split': 7, 'n_estimators': 577, 'subsample': 0.1251837595386541}",0.5816913712973268,0.5413359006537244,0.5724135141461067,0.5651469286990527,0.017257721957839985,198
8,4.170824925104777,0.053348723897266914,0.03118578592936198,0.0042661795266423445,0.06043288970864324,23,2,4,485,0.9008791296460938,"{'learning_rate': 0.06043288970864324, 'max_depth': 23, 'min_samples_leaf': 2, 'min_samples_split': 4, 'n_estimators': 485, 'subsample': 0.9008791296460938}",0.8111567147440947,0.8128345932496333,0.7989849125129866,0.8076587401689048,0.00617145491885913,47
9,2.1653123696645102,0.10718983704694467,0.021153688430786133,0.004310615193697028,0.227609824382386,31,1,8,366,0.6615576566129001,"{'learning_rate': 0.227609824382386, 'max_depth': 31, 'min_samples_leaf': 1, 'min_samples_split': 8, 'n_estimators': 366, 'subsample': 0.6615576566129001}",0.8100106169344404,0.786958892180405,0.7923800101029509,0.7964498397392655,0.009841007349704946,95
10,1.9290845394134521,0.03517327893997505,0.013875563939412435,0.0029240471182798823,0.04352933457299576,15,4,6,360,0.8796782420950293,"{'learning_rate': 0.04352933457299576, 'max_depth': 15, 'min_samples_leaf': 4, 'min_samples_split': 6, 'n_estimators': 360, 'subsample': 0.8796782420950293}",0.820356688990499,0.8133117404102124,0.8056184445718595,0.8130956246575236,0.0060188034054292185,29
11,3.031227429707845,0.17469094684271919,0.024081945419311523,0.005508829429807118,0.08263205596498693,44,3,7,696,0.5675366073338284,"{'learning_rate': 0.08263205596498693, 'max_depth': 44, 'min_samples_leaf': 3, 'min_samples_split': 7, 'n_estimators': 696, 'subsample': 0.5675366073338284}",0.8122511081093113,0.8037172331766821,0.7932588391189297,0.803075726801641,0.007766819090321201,67
12,3.0342018604278564,0.338115088193041,0.021108309427897137,0.00884730811817966,0.1877394124712606,50,1,4,466,0.6427541155698346,"{'learning_rate': 0.1877394124712606, 'max_depth': 50, 'min_samples_leaf': 1, 'min_samples_split': 4, 'n_estimators': 466, 'subsample': 0.6427541155698346}",0.800338971825629,0.7983821913673188,0.7881152115330367,0.7956121249086615,0.005360971930643603,97
13,5.8117140134175616,1.613699509503477,0.04025872548421224,0.012175514080269312,0.16806972187527483,49,1,5,946,0.7203448058155975,"{'learning_rate': 0.16806972187527483, 'max_depth': 49, 'min_samples_leaf': 1, 'min_samples_split': 5, 'n_estimators': 946, 'subsample': 0.7203448058155975}",0.8127910011132522,0.796996842695566,0.7969033984527758,0.8022304140871981,0.007467560141830158,72
14,1.4087551434834797,0.058795233438833285,0.016903400421142578,0.00763940016725849,0.26211709405394257,22,2,9,490,0.3414531769405521,"{'learning_rate': 0.26211709405394257, 'max_depth': 22, 'min_samples_leaf': 2, 'min_samples_split': 9, 'n_estimators': 490, 'subsample': 0.3414531769405521}",0.763602387882217,0.7546768943274685,0.7459585130738078,0.7547459317611644,0.007203247146907334,169
15,0.2619657516479492,0.00871362328312269,0.013597806294759115,0.005062794563050713,0.25274531112031645,95,3,3,88,0.38346980130161756,"{'learning_rate': 0.25274531112031645, 'max_depth': 95, 'min_samples_leaf': 3, 'min_samples_split': 3, 'n_estimators': 88, 'subsample': 0.38346980130161756}",0.7868349589242835,0.7745412252603501,0.7674365955331427,0.7762709265725921,0.008013240107716159,140
16,1.455276648203532,0.08620793332553221,0.023293097813924152,0.004672123931249271,0.26842163779335654,71,1,8,540,0.29106829305098403,"{'learning_rate': 0.26842163779335654, 'max_depth': 71, 'min_samples_leaf': 1, 'min_samples_split': 8, 'n_estimators': 540, 'subsample': 0.29106829305098403}",0.7217731808445493,0.6845546371525656,0.7471218869591344,0.7178165683187498,0.02569573601590844,186
17,0.8147456645965576,0.051123545604538106,0.009282827377319336,0.0021776681341129597,0.1610542919244228,75,4,6,100,0.9948609278687557,"{'learning_rate': 0.1610542919244228, 'max_depth': 75, 'min_samples_leaf': 4, 'min_samples_split': 6, 'n_estimators': 100, 'subsample': 0.9948609278687557}",0.8125242102763496,0.801076551923175,0.8056946173081444,0.806431793169223,0.004702466844141127,53
18,0.163405974706014,0.0011815540866813852,0.0033375422159830728,0.004719997466836015,0.1483437922774646,6,1,7,87,0.3527138787341376,"{'learning_rate': 0.1483437922774646, 'max_depth': 6, 'min_samples_leaf': 1, 'min_samples_split': 7, 'n_estimators': 87, 'subsample': 0.3527138787341376}",0.8189398612430787,0.7974582238823775,0.7934613356467453,0.8032864735907338,0.011188243461716747,65
19,6.609464883804321,0.14839461070521948,0.04343867301940918,0.0021754704674935826,0.23151264139789016,26,2,3,769,0.9187924578707287,"{'learning_rate': 0.23151264139789016, 'max_depth': 26, 'min_samples_leaf': 2, 'min_samples_split': 3, 'n_estimators': 769, 'subsample': 0.9187924578707287}",0.8134580345938079,0.7961510071676361,0.7979423829685002,0.8025171415766481,0.007770869184532861,70
20,5.016384283701579,0.06886333800729921,0.05164567629496256,0.01741136638705304,0.07332904393073666,69,3,9,862,0.740252621633245,"{'learning_rate': 0.07332904393073666, 'max_depth': 69, 'min_samples_leaf': 3, 'min_samples_split': 9, 'n_estimators': 862, 'subsample': 0.740252621633245}",0.8173524726693869,0.8022993292027152,0.8034953714480099,0.8077157244400374,0.006831681910532084,46
21,4.688311417897542,0.4707395598300553,0.0350953737894694,0.003970130531497472,0.1239538791227454,77,4,6,820,0.734462947406226,"{'learning_rate': 0.1239538791227454, 'max_depth': 77, 'min_samples_leaf': 4, 'min_samples_split': 6, 'n_estimators': 820, 'subsample': 0.734462947406226}",0.809105967708351,0.7979334565585974,0.796762656632616,0.8012673602998547,0.005563303436812093,78
22,1.617565631866455,0.1195587484829558,0.013608614603678385,0.002269220311035583,0.29865395978986503,14,1,6,320,0.633859224905999,"{'learning_rate': 0.29865395978986503, 'max_depth': 14, 'min_samples_leaf': 1, 'min_samples_split': 6, 'n_estimators': 320, 'subsample': 0.633859224905999}",0.7972883201526486,0.7737950287921381,0.7777544267237821,0.7829459252228563,0.010269613015652082,135
23,1.7347724437713623,0.28719320683093913,0.027161836624145508,0.008162293946636088,0.21059352162305137,97,2,2,473,0.31677030795126204,"{'learning_rate': 0.21059352162305137, 'max_depth': 97, 'min_samples_leaf': 2, 'min_samples_split': 2, 'n_estimators': 473, 'subsample': 0.31677030795126204}",0.7682346315141797,0.7670480246053885,0.7423655778017673,0.7592160779737784,0.011924946569390018,166
24,1.0763271649678547,0.03786807514185258,0.016083399454752605,0.002355888656811561,0.10960224407401421,78,1,8,391,0.3162227535084296,"{'learning_rate': 0.10960224407401421, 'max_depth': 78, 'min_samples_leaf': 1, 'min_samples_split': 8, 'n_estimators': 391, 'subsample': 0.3162227535084296}",0.7996560785890086,0.7689230896982022,0.7916497975020085,0.7867429885964065,0.013017596597623237,122
25,4.845631281534831,0.28612195632228576,0.03065204620361328,0.0019410535040584084,0.26659345323871353,75,1,6,666,0.5979316103170421,"{'learning_rate': 0.26659345323871353, 'max_depth': 75, 'min_samples_leaf': 1, 'min_samples_split': 6, 'n_estimators': 666, 'subsample': 0.5979316103170421}",0.8080131635964575,0.7558428016036073,0.7617187612995993,0.775191575499888,0.023332012478893792,142
26,0.9716569582621256,0.027223187962532196,0.01852560043334961,0.007431578278876451,0.25779122138210636,14,1,5,258,0.4188382080325107,"{'learning_rate': 0.25779122138210636, 'max_depth': 14, 'min_samples_leaf': 1, 'min_samples_split': 5, 'n_estimators': 258, 'subsample': 0.4188382080325107}",0.7898371972430461,0.7466039442514428,0.7535658244042333,0.7633356552995741,0.018953728531200413,160
27,2.136855681737264,0.06374756833100567,0.020656426747639973,0.0008990896931214197,0.05961373046947873,88,4,3,516,0.5971330677646658,"{'learning_rate': 0.05961373046947873, 'max_depth': 88, 'min_samples_leaf': 4, 'min_samples_split': 3, 'n_estimators': 516, 'subsample': 0.5971330677646658}",0.8102641816051286,0.8085521145825062,0.7921554356302472,0.8036572439392939,0.008162985122124208,64
28,4.147634188334147,0.3401073960663037,0.02572290102640788,0.003440919436036649,0.17777992575156157,70,2,4,358,0.989510877354538,"{'learning_rate': 0.17777992575156157, 'max_depth': 70, 'min_samples_leaf': 2, 'min_samples_split': 4, 'n_estimators': 358, 'subsample': 0.989510877354538}",0.7989009577087627,0.7898090117475486,0.7938917330943558,0.794200567516889,0.0037181899149824156,103
29,2.09617813428243,0.033671025464185364,0.021664857864379883,0.0012974184417645447,0.2725490569418669,58,4,4,476,0.5680091377652351,"{'learning_rate': 0.2725490569418669, 'max_depth': 58, 'min_samples_leaf': 4, 'min_samples_split': 4, 'n_estimators': 476, 'subsample': 0.5680091377652351}",0.7948215425806545,0.7918115974682174,0.7709971387800809,0.7858767596096511,0.010592993892782836,126
30,3.5302157402038574,0.19281970212119426,0.029133717219034832,0.0028055401997932176,0.2715542980715945,82,3,5,652,0.6079231386323035,"{'learning_rate': 0.2715542980715945, 'max_depth': 82, 'min_samples_leaf': 3, 'min_samples_split': 5, 'n_estimators': 652, 'subsample': 0.6079231386323035}",0.7961497652515351,0.7951912344252949,0.7732870374340415,0.7882093457036238,0.010558919086268504,116
31,1.119048833847046,0.039350727809547736,0.018233458201090496,0.003423900353955598,0.24402091839978193,11,4,7,635,0.24496211298629336,"{'learning_rate': 0.24402091839978193, 'max_depth': 11, 'min_samples_leaf': 4, 'min_samples_split': 7, 'n_estimators': 635, 'subsample': 0.24496211298629336}",0.7271428023883515,0.7252487883416853,0.7406519501292318,0.7310145136197562,0.006858423490272008,181
32,0.7834537823994955,0.035235047940504714,0.01409133275349935,0.0003267408304307799,0.18420258467174105,28,2,8,508,0.17142921134021416,"{'learning_rate': 0.18420258467174105, 'max_depth': 28, 'min_samples_leaf': 2, 'min_samples_split': 8, 'n_estimators': 508, 'subsample': 0.17142921134021416}",0.7031759956564164,0.7075954368204933,0.7029060440011239,0.7045591588260113,0.002149799450938155,189
33,1.515667994817098,0.06328420561580403,0.015435218811035156,0.0016214422967701938,0.13422070966327526,60,3,2,313,0.5929872153659687,"{'learning_rate': 0.13422070966327526, 'max_depth': 60, 'min_samples_leaf': 3, 'min_samples_split': 2, 'n_estimators': 313, 'subsample': 0.5929872153659687}",0.8153322857190708,0.8020583900518912,0.7888503337430041,0.8020803365046554,0.010811222760038689,73
34,4.529490788777669,0.1377906003694213,0.03986835479736328,0.001298287321979643,0.03706474600724802,70,1,2,573,0.6121033582871758,"{'learning_rate': 0.03706474600724802, 'max_depth': 70, 'min_samples_leaf': 1, 'min_samples_split': 2, 'n_estimators': 573, 'subsample': 0.6121033582871758}",0.8295215852589919,0.8184979146651825,0.8096676798522909,0.8192290599254884,0.008121794547935336,14
35,0.3956152598063151,0.02261707931425126,0.010574897130330404,0.0029277167104556885,0.14264947928184746,70,1,3,208,0.14372112955984193,"{'learning_rate': 0.14264947928184746, 'max_depth': 70, 'min_samples_leaf': 1, 'min_samples_split': 3, 'n_estimators': 208, 'subsample': 0.14372112955984193}",0.7432267486099635,0.7190808302156221,0.7260000027852562,0.7294358605369474,0.010152509792950728,183
36,1.6119869550069172,0.09683486330616004,0.011578083038330078,0.0026974868607967575,0.21552224467839634,4,1,5,792,0.8299352232954126,"{'learning_rate': 0.21552224467839634, 'max_depth': 4, 'min_samples_leaf': 1, 'min_samples_split': 5, 'n_estimators': 792, 'subsample': 0.8299352232954126}",0.7973459670776782,0.7723864770869526,0.783007953003561,0.784246799056064,0.010227254105432688,133
37,1.4127118587493896,0.08565269748975522,0.0203854242960612,0.0005659784675398976,0.2089941893434243,50,4,7,666,0.27115634827602797,"{'learning_rate': 0.2089941893434243, 'max_depth': 50, 'min_samples_leaf': 4, 'min_samples_split': 7, 'n_estimators': 666, 'subsample': 0.27115634827602797}",0.7567980889573709,0.7484948664161637,0.7349986679617526,0.7467638744450958,0.008983352708908368,174
38,2.1601266860961914,0.04954859125318612,0.03137087821960449,0.0026685496685910593,0.15157060204057743,11,1,7,993,0.26298588212127194,"{'learning_rate': 0.15157060204057743, 'max_depth': 11, 'min_samples_leaf': 1, 'min_samples_split': 7, 'n_estimators': 993, 'subsample': 0.26298588212127194}",0.7654098624288819,0.7641268143711166,0.7524358794231167,0.7606575187410384,0.00583712645543624,164
39,5.477307240168254,0.08517570333203442,0.039693355560302734,0.002726441002994633,0.023928642286940395,66,4,8,868,0.8932122977406082,"{'learning_rate': 0.023928642286940395, 'max_depth': 66, 'min_samples_leaf': 4, 'min_samples_split': 8, 'n_estimators': 868, 'subsample': 0.8932122977406082}",0.8187216235541581,0.8111251712131704,0.8047936361884298,0.811546810318586,0.005693888107224195,35
40,0.3062273661295573,0.01496376773755461,0.006696621576944987,0.0012886692530845836,0.17937337380874657,39,2,3,169,0.15095799994204417,"{'learning_rate': 0.17937337380874657, 'max_depth': 39, 'min_samples_leaf': 2, 'min_samples_split': 3, 'n_estimators': 169, 'subsample': 0.15095799994204417}",0.7348948600324039,0.7031230784354476,0.7105594877263868,0.7161924753980795,0.013568577401315961,187
41,7.386615673700969,0.1092742037401619,0.04923121134440104,0.0010885662373777828,0.05554021624087176,22,2,4,933,0.8734501681125503,"{'learning_rate': 0.05554021624087176, 'max_depth': 22, 'min_samples_leaf': 2, 'min_samples_split': 4, 'n_estimators': 933, 'subsample': 0.8734501681125503}",0.8123795723239756,0.8092610781724157,0.79612452764726,0.8059217260478837,0.007043676777517855,56
42,0.15357025464375815,0.007622987302706785,0.003549814224243164,0.00039806198224255146,0.24823619282816178,82,4,9,109,0.1736020783845867,"{'learning_rate': 0.24823619282816178, 'max_depth': 82, 'min_samples_leaf': 4, 'min_samples_split': 9, 'n_estimators': 109, 'subsample': 0.1736020783845867}",0.7609775845803596,0.7327354087013098,0.7640636651242965,0.7525922194686553,0.014097296990760122,171
43,2.7083822886149087,0.06656778070362265,0.029739936192830402,0.0024846538504362933,0.05014051610666104,15,3,9,831,0.4897951104493379,"{'learning_rate': 0.05014051610666104, 'max_depth': 15, 'min_samples_leaf': 3, 'min_samples_split': 9, 'n_estimators': 831, 'subsample': 0.4897951104493379}",0.8118878583508509,0.7948355147073585,0.7911097899419,0.7992777210000365,0.009045511935458812,85
44,6.642428954442342,0.2565376120746888,0.04355168342590332,0.0008562630806275331,0.15335571883921215,25,3,9,946,0.8271443885352492,"{'learning_rate': 0.15335571883921215, 'max_depth': 25, 'min_samples_leaf': 3, 'min_samples_split': 9, 'n_estimators': 946, 'subsample': 0.8271443885352492}",0.810831172228119,0.8076818284016857,0.7909235414508197,0.8031455140268747,0.008737354743538631,66
45,0.7280927499135336,0.011569419966265008,0.011740366617838541,0.0021684066382962027,0.01215364977793778,85,4,9,219,0.6239579132312831,"{'learning_rate': 0.01215364977793778, 'max_depth': 85, 'min_samples_leaf': 4, 'min_samples_split': 9, 'n_estimators': 219, 'subsample': 0.6239579132312831}",0.8532859373758904,0.8433332504060616,0.8305249257016536,0.8423813711612018,0.009316489635096197,3
46,0.6122994422912598,0.00262486915622883,0.00667564074198405,0.0019413518284577868,0.0697677609591295,40,2,4,107,0.7015455525335138,"{'learning_rate': 0.0697677609591295, 'max_depth': 40, 'min_samples_leaf': 2, 'min_samples_split': 4, 'n_estimators': 107, 'subsample': 0.7015455525335138}",0.8285332072822709,0.8169039638989938,0.8081152850763039,0.8178508187525227,0.008362427374371956,19
47,4.0816435019175215,0.05101674773506822,0.03256678581237793,0.0002004595094535812,0.01850271963919367,36,3,8,770,0.7703025896275894,"{'learning_rate': 0.01850271963919367, 'max_depth': 36, 'min_samples_leaf': 3, 'min_samples_split': 8, 'n_estimators': 770, 'subsample': 0.7703025896275894}",0.8213361547680099,0.8134420407226827,0.8064543652275903,0.8137441869060943,0.006079220576052408,27
48,1.4167380332946777,0.03062498428771993,0.02484734853108724,0.00047747229291615384,0.147144770649152,23,3,7,986,0.16009699890250423,"{'learning_rate': 0.147144770649152, 'max_depth': 23, 'min_samples_leaf': 3, 'min_samples_split': 7, 'n_estimators': 986, 'subsample': 0.16009699890250423}",0.7262688170435596,0.7584662016976859,0.7037699181221408,0.7295016456211288,0.02244636933824072,182
49,0.2449185848236084,0.005059398300563792,0.004001220067342122,1.9106571324938627e-06,0.1994758126923818,84,3,9,40,0.9284510693875828,"{'learning_rate': 0.1994758126923818, 'max_depth': 84, 'min_samples_leaf': 3, 'min_samples_split': 9, 'n_estimators': 40, 'subsample': 0.9284510693875828}",0.8200937181869474,0.8160637849989568,0.8001452181906313,0.812100907125512,0.008612547583057158,32
50,0.9874458312988281,0.008629994965070093,0.01238862673441569,0.0021162715817952754,0.09814958857709077,79,2,5,294,0.3911574416836304,"{'learning_rate': 0.09814958857709077, 'max_depth': 79, 'min_samples_leaf': 2, 'min_samples_split': 5, 'n_estimators': 294, 'subsample': 0.3911574416836304}",0.8096357302834163,0.7915190435821273,0.7992393620550874,0.8001313786402103,0.0074229533407876545,84
51,4.151713530222575,0.09561193269665773,0.03381220499674479,0.004561865523294804,0.06497448072156169,36,2,3,610,0.7115772595287285,"{'learning_rate': 0.06497448072156169, 'max_depth': 36, 'min_samples_leaf': 2, 'min_samples_split': 3, 'n_estimators': 610, 'subsample': 0.7115772595287285}",0.8228525545650658,0.8148815891279606,0.8026558986651771,0.8134633474527345,0.00830601326235552,28
52,0.6666573683420817,0.018939315282281356,0.009290536244710287,0.0032650201265144512,0.025606348808837054,30,2,7,145,0.6896918651534594,"{'learning_rate': 0.025606348808837054, 'max_depth': 30, 'min_samples_leaf': 2, 'min_samples_split': 7, 'n_estimators': 145, 'subsample': 0.6896918651534594}",0.8407178853912105,0.8327678303147412,0.8190668386839093,0.830850851463287,0.008942336078755813,9
53,1.4786771138509114,0.014940366257440874,0.015134493509928385,0.00153822757791466,0.22682133878918057,13,3,5,401,0.5465766579876827,"{'learning_rate': 0.22682133878918057, 'max_depth': 13, 'min_samples_leaf': 3, 'min_samples_split': 5, 'n_estimators': 401, 'subsample': 0.5465766579876827}",0.7908007316626977,0.7783218038232742,0.7726741452149426,0.7805988935669715,0.007573292429655827,139
54,2.666123628616333,0.048800654845217735,0.027776161829630535,0.0011483005474409364,0.059979362010071986,38,3,3,641,0.5172874523969644,"{'learning_rate': 0.059979362010071986, 'max_depth': 38, 'min_samples_leaf': 3, 'min_samples_split': 3, 'n_estimators': 641, 'subsample': 0.5172874523969644}",0.8153059365444862,0.8017069460784277,0.7970120700222987,0.804674984215071,0.00775771984835449,60
55,1.2665154933929443,0.021778107083580873,0.017081578572591145,0.0009267750287454314,0.15564273724360825,48,3,7,527,0.31751707352085806,"{'learning_rate': 0.15564273724360825, 'max_depth': 48, 'min_samples_leaf': 3, 'min_samples_split': 7, 'n_estimators': 527, 'subsample': 0.31751707352085806}",0.7768702445905478,0.7698823627951163,0.759875807269951,0.7688761382185384,0.006974338242672466,153
56,3.1513837973276773,0.0321859608122903,0.02187522252400716,0.0029517400114902784,0.037703596051054666,38,3,5,443,0.9054804590974105,"{'learning_rate': 0.037703596051054666, 'max_depth': 38, 'min_samples_leaf': 3, 'min_samples_split': 5, 'n_estimators': 443, 'subsample': 0.9054804590974105}",0.8212630436218699,0.8119466280289872,0.8021149212199667,0.8117748642902747,0.007818131702055095,33
57,4.14278260866801,0.032579438664413575,0.03928224245707194,0.001707933723440239,0.022534638703097572,78,2,8,967,0.5855543402983618,"{'learning_rate': 0.022534638703097572, 'max_depth': 78, 'min_samples_leaf': 2, 'min_samples_split': 8, 'n_estimators': 967, 'subsample': 0.5855543402983618}",0.8152747900806061,0.8097242835755794,0.8058291500067529,0.8102760745543128,0.0038758555239975924,38
58,0.12950817743937174,0.003045580644315946,0.0006665388743082682,0.0009426283158956487,0.1916297148958583,1,1,8,127,0.9894956811601487,"{'learning_rate': 0.1916297148958583, 'max_depth': 1, 'min_samples_leaf': 1, 'min_samples_split': 8, 'n_estimators': 127, 'subsample': 0.9894956811601487}",0.7438471071854553,0.7467357484201654,0.729942064511077,0.7401749733722326,0.007331229085960694,177
59,9.033361355463663,0.2588607843820525,0.05077044169108073,0.0025290950381298047,0.11880380297001143,53,4,4,995,0.9667040193930324,"{'learning_rate': 0.11880380297001143, 'max_depth': 53, 'min_samples_leaf': 4, 'min_samples_split': 4, 'n_estimators': 995, 'subsample': 0.9667040193930324}",0.8134948688986811,0.8042783728567534,0.8009561180111999,0.8062431199222114,0.005304101666194867,54
60,0.5108276208241781,0.02175123578732009,0.009741942087809244,0.0018913368080564713,0.10913087793385476,92,3,8,239,0.28742346706504296,"{'learning_rate': 0.10913087793385476, 'max_depth': 92, 'min_samples_leaf': 3, 'min_samples_split': 8, 'n_estimators': 239, 'subsample': 0.28742346706504296}",0.8093958486904027,0.7994459255380494,0.7797657740990478,0.7962025161091666,0.012311921285616858,96
61,1.6669694582621257,0.0612946855480934,0.02180655797322591,0.0016573517298060824,0.13857663352235142,33,3,5,736,0.271906259833379,"{'learning_rate': 0.13857663352235142, 'max_depth': 33, 'min_samples_leaf': 3, 'min_samples_split': 5, 'n_estimators': 736, 'subsample': 0.271906259833379}",0.7891533121237613,0.759557563787952,0.7529812887376458,0.7672307215497863,0.0157323834068442,155
62,1.3813497225443523,0.05200561358153187,0.01795220375061035,0.0019367589945268391,0.29057334897386133,92,3,9,534,0.3402152333120213,"{'learning_rate': 0.29057334897386133, 'max_depth': 92, 'min_samples_leaf': 3, 'min_samples_split': 9, 'n_estimators': 534, 'subsample': 0.3402152333120213}",0.7703586004472827,0.7386860488994118,0.7518114296693464,0.7536186930053469,0.012993261868172876,170
63,1.5744856198628743,0.040982245341704145,0.01911584536234538,0.0014938685451243146,0.15560061909475542,71,1,9,590,0.31281615657822603,"{'learning_rate': 0.15560061909475542, 'max_depth': 71, 'min_samples_leaf': 1, 'min_samples_split': 9, 'n_estimators': 590, 'subsample': 0.31281615657822603}",0.7771375320432312,0.7605573065929745,0.7763323758008802,0.771342404812362,0.007633296659811124,149
64,1.3911718527475994,0.016412893456208673,0.01885088284810384,0.0047490660282190865,0.11854473288017991,28,2,2,475,0.3092318070438122,"{'learning_rate': 0.11854473288017991, 'max_depth': 28, 'min_samples_leaf': 2, 'min_samples_split': 2, 'n_estimators': 475, 'subsample': 0.3092318070438122}",0.7977538835435208,0.780157270262168,0.7757857769112322,0.7845656435723071,0.009494726384790693,132
65,0.6833747227986654,0.017846713106887166,0.01491077740987142,0.001002151033973265,0.09717693929592935,64,1,2,405,0.10534855935117685,"{'learning_rate': 0.09717693929592935, 'max_depth': 64, 'min_samples_leaf': 1, 'min_samples_split': 2, 'n_estimators': 405, 'subsample': 0.10534855935117685}",0.7325661457481886,0.7268258711669391,0.7642775227974155,0.7412231799041811,0.016469461289432146,176
66,0.464871088663737,0.004874990223468617,0.005318164825439453,0.0038289411719241097,0.11605854651893571,15,1,2,90,0.4924966056930812,"{'learning_rate': 0.11605854651893571, 'max_depth': 15, 'min_samples_leaf': 1, 'min_samples_split': 2, 'n_estimators': 90, 'subsample': 0.4924966056930812}",0.8165619098876199,0.7971695899096201,0.7949947040664265,0.8029087346212221,0.009694996243731867,68
67,0.03966275850931803,0.0012466142056863755,0.0016667842864990234,0.0012472561801920338,0.09605207639407097,29,1,2,21,0.11450676738103653,"{'learning_rate': 0.09605207639407097, 'max_depth': 29, 'min_samples_leaf': 1, 'min_samples_split': 2, 'n_estimators': 21, 'subsample': 0.11450676738103653}",0.835866605445126,0.8121121239900033,0.8059573452083544,0.817978691547828,0.01289582421201071,18
68,0.8257756233215332,0.044293013972766505,0.0105589230855306,0.0009934730319524092,0.046817829000428794,40,2,9,126,0.973941526459116,"{'learning_rate': 0.046817829000428794, 'max_depth': 40, 'min_samples_leaf': 2, 'min_samples_split': 9, 'n_estimators': 126, 'subsample': 0.973941526459116}",0.8163712857019885,0.812198072878699,0.8034460942171217,0.8106718175992698,0.005385922088408374,37
69,0.3238381544748942,0.008758541919864514,0.006383101145426433,0.0011641116561358124,0.2627880506112691,97,2,3,77,0.4868320040979237,"{'learning_rate': 0.2627880506112691, 'max_depth': 97, 'min_samples_leaf': 2, 'min_samples_split': 3, 'n_estimators': 77, 'subsample': 0.4868320040979237}",0.776492437226332,0.7855769937029741,0.7827472514523447,0.7816055607938837,0.0037956013809002575,137
70,1.0427862008412678,0.025267233958338554,0.015614191691080729,0.00047858610219680975,0.2631348851533241,64,2,4,451,0.23389989061789324,"{'learning_rate': 0.2631348851533241, 'max_depth': 64, 'min_samples_leaf': 2, 'min_samples_split': 4, 'n_estimators': 451, 'subsample': 0.23389989061789324}",0.7108195412957925,0.7211544540959124,0.6956180713882933,0.7091973555933327,0.010488098820010068,188
71,0.36979468663533527,0.00411269496289377,0.0072803497314453125,0.0008572278259934466,0.2826084143291993,20,2,3,180,0.2115307089315499,"{'learning_rate': 0.2826084143291993, 'max_depth': 20, 'min_samples_leaf': 2, 'min_samples_split': 3, 'n_estimators': 180, 'subsample': 0.2115307089315499}",0.625009081083949,0.6271015507609434,0.6387934873975223,0.6303013730808049,0.006065289853663623,197
72,0.6245447794596354,0.014885775505976329,0.013113657633463541,0.0015014110291668554,0.18298120051910371,50,2,7,521,0.10696376271331356,"{'learning_rate': 0.18298120051910371, 'max_depth': 50, 'min_samples_leaf': 2, 'min_samples_split': 7, 'n_estimators': 521, 'subsample': 0.10696376271331356}",0.6538838154565638,0.6368566194497391,0.6571745577763242,0.6493049975608757,0.00890426244192946,193
73,0.8134528001149496,0.02957147823379064,0.009041786193847656,0.0013868821793706864,0.03459846045911775,27,2,5,235,0.42721868618885206,"{'learning_rate': 0.03459846045911775, 'max_depth': 27, 'min_samples_leaf': 2, 'min_samples_split': 5, 'n_estimators': 235, 'subsample': 0.42721868618885206}",0.8304335512787894,0.8273216785468179,0.8140286925700484,0.8239279741318852,0.007114200332451939,11
74,4.081805467605591,0.16510542747904755,0.03434443473815918,0.0010260902648792408,0.16658838121164196,72,2,4,661,0.6149320911860151,"{'learning_rate': 0.16658838121164196, 'max_depth': 72, 'min_samples_leaf': 2, 'min_samples_split': 4, 'n_estimators': 661, 'subsample': 0.6149320911860151}",0.8166064978317058,0.8130354432691006,0.7911364299562909,0.8069261236856992,0.011259778823276565,52
75,0.8738824526468912,0.010078336738211569,0.015898625055948894,0.0014238942577442292,0.20167602055858494,62,4,6,720,0.13109051688846637,"{'learning_rate': 0.20167602055858494, 'max_depth': 62, 'min_samples_leaf': 4, 'min_samples_split': 6, 'n_estimators': 720, 'subsample': 0.13109051688846637}",0.6446128159151233,0.6667581615482201,0.6277554051599306,0.6463754608744247,0.01597151504837029,194
76,0.6910982131958008,0.019061210035375784,0.00829617182413737,0.0002030277889552901,0.15252779908756306,81,3,9,181,0.5505052787641911,"{'learning_rate': 0.15252779908756306, 'max_depth': 81, 'min_samples_leaf': 3, 'min_samples_split': 9, 'n_estimators': 181, 'subsample': 0.5505052787641911}",0.797255703218838,0.7901953741287466,0.786917289765854,0.7914561223711462,0.004313761914249594,108
77,1.716955582300822,0.056624872163725276,0.024208227793375652,0.0015114485643328232,0.011024341180212019,65,2,9,839,0.27852912012404724,"{'learning_rate': 0.011024341180212019, 'max_depth': 65, 'min_samples_leaf': 2, 'min_samples_split': 9, 'n_estimators': 839, 'subsample': 0.27852912012404724}",0.8383714073947913,0.8349600946618028,0.8215079859435134,0.8316131626667026,0.00727989061711437,6
78,9.63198971748352,0.15059881162519922,0.07781545321146648,0.004078356748820546,0.02510642897295467,75,1,2,959,0.8714377520841192,"{'learning_rate': 0.02510642897295467, 'max_depth': 75, 'min_samples_leaf': 1, 'min_samples_split': 2, 'n_estimators': 959, 'subsample': 0.8714377520841192}",0.8103667273906927,0.7953356791964341,0.7876694173726481,0.7977906079865916,0.009427335326498351,91
79,2.5598384539286294,0.0805107071524463,0.0274047056833903,0.001331813742198889,0.017717223512388268,85,4,5,714,0.5696567136554134,"{'learning_rate': 0.017717223512388268, 'max_depth': 85, 'min_samples_leaf': 4, 'min_samples_split': 5, 'n_estimators': 714, 'subsample': 0.5696567136554134}",0.8277257721802508,0.8188803647481674,0.8088116903053543,0.8184726090779241,0.007727022790507517,16
80,0.14169510205586752,0.004099885337472464,3.24249267578125e-05,4.5855771179852704e-05,0.1780541993339841,98,3,6,24,0.9202500965512306,"{'learning_rate': 0.1780541993339841, 'max_depth': 98, 'min_samples_leaf': 3, 'min_samples_split': 6, 'n_estimators': 24, 'subsample': 0.9202500965512306}",0.8208398992025433,0.820902561702471,0.8038791991413652,0.8152072200154598,0.008010161227681055,24
81,0.9875861803690592,0.02479484423753772,0.007796446482340495,0.0013359791739922338,0.12611951208778582,85,1,5,117,0.9439015211115362,"{'learning_rate': 0.12611951208778582, 'max_depth': 85, 'min_samples_leaf': 1, 'min_samples_split': 5, 'n_estimators': 117, 'subsample': 0.9439015211115362}",0.807989531609719,0.7702939619344431,0.7718717458253286,0.7833850797898302,0.017409894457262032,134
82,1.8513925870259602,0.04694197061456829,0.019905885060628254,0.0010702023085595576,0.2733232142622816,56,4,9,501,0.5307138590924712,"{'learning_rate': 0.2733232142622816, 'max_depth': 56, 'min_samples_leaf': 4, 'min_samples_split': 9, 'n_estimators': 501, 'subsample': 0.5307138590924712}",0.7843174977331968,0.7785137458554838,0.7592358018496315,0.7740223484794374,0.010720769714004758,146
83,5.336617072423299,0.15418498757215213,0.037298123041788735,0.002535088090359423,0.0918852138335888,17,4,8,940,0.8400734332513529,"{'learning_rate': 0.0918852138335888, 'max_depth': 17, 'min_samples_leaf': 4, 'min_samples_split': 8, 'n_estimators': 940, 'subsample': 0.8400734332513529}",0.8120809648481102,0.803496091839061,0.7963800846016359,0.8039857137629357,0.006419200747226293,63
84,0.846078077952067,0.012776685497502,0.012291193008422852,0.0008728987278299259,0.21579073628213838,16,3,5,341,0.32052973470010865,"{'learning_rate': 0.21579073628213838, 'max_depth': 16, 'min_samples_leaf': 3, 'min_samples_split': 5, 'n_estimators': 341, 'subsample': 0.32052973470010865}",0.7808545489411427,0.7612816695548548,0.7474576169744089,0.7631979451568022,0.013701407478421695,161
85,1.2381301720937092,0.03224953115418992,0.020351886749267578,0.0007539655749743492,0.04404554678553188,35,4,6,875,0.18296748763153303,"{'learning_rate': 0.04404554678553188, 'max_depth': 35, 'min_samples_leaf': 4, 'min_samples_split': 6, 'n_estimators': 875, 'subsample': 0.18296748763153303}",0.8110860377695155,0.8122651154921785,0.7994450558764161,0.8075987363793701,0.005785581813278486,49
86,0.5071992874145508,0.015793448129251028,0.008274714152018229,0.0008871736619750886,0.18485033704500772,29,2,9,235,0.27220214864850095,"{'learning_rate': 0.18485033704500772, 'max_depth': 29, 'min_samples_leaf': 2, 'min_samples_split': 9, 'n_estimators': 235, 'subsample': 0.27220214864850095}",0.7743324590135805,0.7498506180456074,0.7565716128952062,0.7602515633181314,0.010327847811674734,165
87,5.780272324879964,0.5892601475407694,0.042528788248697914,0.0032423273582794206,0.20630269929930056,60,2,8,917,0.6660409003596959,"{'learning_rate': 0.20630269929930056, 'max_depth': 60, 'min_samples_leaf': 2, 'min_samples_split': 8, 'n_estimators': 917, 'subsample': 0.6660409003596959}",0.8043723334290456,0.7876055346819713,0.7890382339613389,0.7936720340241186,0.007588827855147155,106
88,2.438362995783488,0.10588054757157125,0.019611120223999023,0.0017609129803200032,0.18013757569690603,26,1,7,402,0.9824926355677984,"{'learning_rate': 0.18013757569690603, 'max_depth': 26, 'min_samples_leaf': 1, 'min_samples_split': 7, 'n_estimators': 402, 'subsample': 0.9824926355677984}",0.7992855790955932,0.7708844199452676,0.7717977865219959,0.7806559285209521,0.01317842858679253,138
89,2.9991211891174316,0.0658428137065879,0.03233178456624349,0.0017559151952254016,0.045201006810956054,95,2,6,727,0.5004864631620137,"{'learning_rate': 0.045201006810956054, 'max_depth': 95, 'min_samples_leaf': 2, 'min_samples_split': 6, 'n_estimators': 727, 'subsample': 0.5004864631620137}",0.8198860162542021,0.8067535398617816,0.8010043619499864,0.8092146393553233,0.007902403657698539,41
90,3.167638381322225,0.08525605523005904,0.026787757873535156,0.0020268543624979256,0.06292495129977554,63,2,5,448,0.7801497624347388,"{'learning_rate': 0.06292495129977554, 'max_depth': 63, 'min_samples_leaf': 2, 'min_samples_split': 5, 'n_estimators': 448, 'subsample': 0.7801497624347388}",0.8183627001637275,0.8092819528834405,0.7994472774826985,0.8090306435099555,0.007724233342815643,44
91,1.631315549214681,0.06315007487732475,0.018855810165405273,0.001798374173709814,0.04952968140280454,76,4,4,406,0.6060885831385109,"{'learning_rate': 0.04952968140280454, 'max_depth': 76, 'min_samples_leaf': 4, 'min_samples_split': 4, 'n_estimators': 406, 'subsample': 0.6060885831385109}",0.8196918998679629,0.810556945524601,0.797325970101498,0.8091916051646874,0.009181750715537756,42
92,2.7418647607167563,0.05609614497184308,0.028965155283610027,0.003097796305061037,0.1351309553506118,20,3,4,725,0.4704926448171398,"{'learning_rate': 0.1351309553506118, 'max_depth': 20, 'min_samples_leaf': 3, 'min_samples_split': 4, 'n_estimators': 725, 'subsample': 0.4704926448171398}",0.8040030656829085,0.7974307768932128,0.7842310754305477,0.7952216393355563,0.0082216428283869,99
93,2.085559606552124,0.0780813961467041,0.02480967839558919,0.002192436942171212,0.01854252797186512,41,3,2,688,0.41211524819220346,"{'learning_rate': 0.01854252797186512, 'max_depth': 41, 'min_samples_leaf': 3, 'min_samples_split': 2, 'n_estimators': 688, 'subsample': 0.41211524819220346}",0.8282353149343568,0.8226040678132039,0.8099164670288511,0.8202519499254706,0.0076613484915998295,13
94,1.300496498743693,0.019112853719792794,0.013757785161336264,0.00019884827344476006,0.28386600648939114,65,1,9,365,0.4243813475083389,"{'learning_rate': 0.28386600648939114, 'max_depth': 65, 'min_samples_leaf': 1, 'min_samples_split': 9, 'n_estimators': 365, 'subsample': 0.4243813475083389}",0.776890859197551,0.7493394342991944,0.7502640949366431,0.7588314628111296,0.01277549993033623,167
95,0.03867459297180176,0.0021289077276410106,0.002501885096232096,0.00041019939437813506,0.07108926199067833,81,2,7,7,0.861177256572635,"{'learning_rate': 0.07108926199067833, 'max_depth': 81, 'min_samples_leaf': 2, 'min_samples_split': 7, 'n_estimators': 7, 'subsample': 0.861177256572635}",0.5689108154518178,0.5279724697609705,0.5281067056911359,0.541663330301308,0.0192669594572621,199
96,0.7846161524454752,0.021669579479258055,0.008997837702433268,0.0004038542058366109,0.14231847372205322,69,1,3,138,0.5300518141593277,"{'learning_rate': 0.14231847372205322, 'max_depth': 69, 'min_samples_leaf': 1, 'min_samples_split': 3, 'n_estimators': 138, 'subsample': 0.5300518141593277}",0.8121461214808753,0.7992589271329632,0.7917800259384291,0.8010616915174226,0.008411576605306828,79
97,2.9901137351989746,0.050857207804093564,0.031211296717325848,0.0012411225228974086,0.029645955060357172,46,2,6,766,0.48099778219907696,"{'learning_rate': 0.029645955060357172, 'max_depth': 46, 'min_samples_leaf': 2, 'min_samples_split': 6, 'n_estimators': 766, 'subsample': 0.48099778219907696}",0.8148760766751608,0.8078202295666288,0.8046706447412652,0.8091223169943516,0.004266871140263452,43
98,7.692418257395427,0.6379328265952737,0.042658090591430664,0.002164776952718073,0.17854514904717927,36,3,7,822,0.95240758591669,"{'learning_rate': 0.17854514904717927, 'max_depth': 36, 'min_samples_leaf': 3, 'min_samples_split': 7, 'n_estimators': 822, 'subsample': 0.95240758591669}",0.8085757612446027,0.7988621157498645,0.7984122800163516,0.8019500523369395,0.004688681544855376,74
99,1.3816696008046467,0.03767018185903081,0.014245986938476562,0.0018876897963455799,0.18912139336326042,42,2,9,350,0.522417518113254,"{'learning_rate': 0.18912139336326042, 'max_depth': 42, 'min_samples_leaf': 2, 'min_samples_split': 9, 'n_estimators': 350, 'subsample': 0.522417518113254}",0.7913950650870096,0.7764965104225653,0.7799921647628237,0.782627913424133,0.00636145219409079,136
100,1.1654774347941081,0.052221193270886465,0.014882961908976236,0.0009511362382619406,0.2783721144119427,42,2,8,390,0.36721136445117,"{'learning_rate': 0.2783721144119427, 'max_depth': 42, 'min_samples_leaf': 2, 'min_samples_split': 8, 'n_estimators': 390, 'subsample': 0.36721136445117}",0.7800590969641281,0.7646412141484975,0.739614953598429,0.7614384215703516,0.016665845180493674,162
101,3.0986714363098145,0.13752701392569588,0.020885229110717773,0.0018150551450221127,0.2855729712700537,82,4,3,356,0.9748884207051931,"{'learning_rate': 0.2855729712700537, 'max_depth': 82, 'min_samples_leaf': 4, 'min_samples_split': 3, 'n_estimators': 356, 'subsample': 0.9748884207051931}",0.8164049637881752,0.7928902410870644,0.7870410735002232,0.7987787594584876,0.012690298122809173,88
102,1.309385617574056,0.03164066709758084,0.015015045801798502,0.0008321705411250311,0.2963318183708133,77,3,9,375,0.46508787860610523,"{'learning_rate': 0.2963318183708133, 'max_depth': 77, 'min_samples_leaf': 3, 'min_samples_split': 9, 'n_estimators': 375, 'subsample': 0.46508787860610523}",0.7808600982800908,0.7537407166432579,0.7617508600909136,0.7654505583380874,0.011376321620839003,159
103,1.1269790331522624,0.06343357539307697,0.01662294069925944,0.0030836912187769032,0.08463095066476561,82,4,3,471,0.3443318681587707,"{'learning_rate': 0.08463095066476561, 'max_depth': 82, 'min_samples_leaf': 4, 'min_samples_split': 3, 'n_estimators': 471, 'subsample': 0.3443318681587707}",0.8015918690697972,0.7973256645017955,0.772454715868179,0.790457416479924,0.012848425256066703,113
104,0.47134939829508465,0.016604711831892792,0.005410989125569661,0.002347757228429634,0.12560533310811045,1,3,3,532,0.5254834537408328,"{'learning_rate': 0.12560533310811045, 'max_depth': 1, 'min_samples_leaf': 3, 'min_samples_split': 3, 'n_estimators': 532, 'subsample': 0.5254834537408328}",0.7285762873178727,0.7404432407952796,0.7249218981847847,0.7313138087659791,0.006625633900099538,180
105,5.407870848973592,0.06685778955343681,0.0327606995900472,0.0011324449553216749,0.25478976970979744,94,4,2,632,0.9448894015065076,"{'learning_rate': 0.25478976970979744, 'max_depth': 94, 'min_samples_leaf': 4, 'min_samples_split': 2, 'n_estimators': 632, 'subsample': 0.9448894015065076}",0.8091625790687744,0.7986947759045384,0.8001269096916075,0.8026614215549733,0.004634043487096657,69
106,1.1006867090861003,0.001371528406254181,0.00806117057800293,0.0014365147482691318,0.18061401114864886,3,4,7,678,0.878032249816245,"{'learning_rate': 0.18061401114864886, 'max_depth': 3, 'min_samples_leaf': 4, 'min_samples_split': 7, 'n_estimators': 678, 'subsample': 0.878032249816245}",0.8142304574855882,0.7945928686311551,0.8068613574324777,0.8052282278497404,0.00809975547694488,58
107,0.43942054112752277,0.020107505028386048,0.008193572362263998,0.001983982833515603,0.09030151911334083,47,1,8,255,0.18408436188496818,"{'learning_rate': 0.09030151911334083, 'max_depth': 47, 'min_samples_leaf': 1, 'min_samples_split': 8, 'n_estimators': 255, 'subsample': 0.18408436188496818}",0.7862980946702176,0.7968847961972909,0.7777420780620862,0.7869749896431982,0.007829625555299945,121
108,1.371205488840739,0.033155238204029124,0.01108694076538086,0.0019922988032691122,0.2528651714457756,5,1,7,546,0.9488805026294375,"{'learning_rate': 0.2528651714457756, 'max_depth': 5, 'min_samples_leaf': 1, 'min_samples_split': 7, 'n_estimators': 546, 'subsample': 0.9488805026294375}",0.7984162144906153,0.7795473997370429,0.7814341287945217,0.7864659143407265,0.008485171060479784,125
109,3.838641405105591,0.08867264794001534,0.030936320622762043,0.0016413367654392584,0.08108787155282403,85,3,9,686,0.7384471231628549,"{'learning_rate': 0.08108787155282403, 'max_depth': 85, 'min_samples_leaf': 3, 'min_samples_split': 9, 'n_estimators': 686, 'subsample': 0.7384471231628549}",0.8145438311214755,0.8022826273993569,0.801084305882875,0.8059702548012359,0.006082140621165513,55
110,2.989028215408325,1.2731849372612578,0.019438664118448894,0.007265959579337717,0.27812004659010864,22,1,4,663,0.839184710927495,"{'learning_rate': 0.27812004659010864, 'max_depth': 22, 'min_samples_leaf': 1, 'min_samples_split': 4, 'n_estimators': 663, 'subsample': 0.839184710927495}",0.805415367493191,0.7804935895973127,0.7752601424238988,0.7870563665048008,0.013156416186231737,120
111,1.8128711382548015,0.07350385290130772,0.026621262232462566,0.0030804442496988695,0.14952654226962195,51,4,4,874,0.28407405109071837,"{'learning_rate': 0.14952654226962195, 'max_depth': 51, 'min_samples_leaf': 4, 'min_samples_split': 4, 'n_estimators': 874, 'subsample': 0.28407405109071837}",0.7781644707911978,0.7700584433601526,0.7568727352636145,0.768365216471655,0.008774385578340553,154
112,0.6501774787902832,0.02174804935221057,0.009201765060424805,0.002002492023606705,0.23348416803786448,70,1,7,221,0.330908689903473,"{'learning_rate': 0.23348416803786448, 'max_depth': 70, 'min_samples_leaf': 1, 'min_samples_split': 7, 'n_estimators': 221, 'subsample': 0.330908689903473}",0.767509676129787,0.7470248391879144,0.7289352135097728,0.7478232429424914,0.015758074713665835,173
113,0.7547237078348795,0.02231334130796142,0.014038483301798502,0.0010150893687034897,0.12485254929483212,47,4,9,642,0.1365545121026136,"{'learning_rate': 0.12485254929483212, 'max_depth': 47, 'min_samples_leaf': 4, 'min_samples_split': 9, 'n_estimators': 642, 'subsample': 0.1365545121026136}",0.7738067844690192,0.7736686547007783,0.750847337824869,0.7661075923315556,0.010790776792083517,158
114,0.6780480543772379,0.003518872206235833,0.009810368220011393,0.002454366789098654,0.19728853128810253,89,3,8,238,0.39793344796336205,"{'learning_rate': 0.19728853128810253, 'max_depth': 89, 'min_samples_leaf': 3, 'min_samples_split': 8, 'n_estimators': 238, 'subsample': 0.39793344796336205}",0.7846782277688731,0.7527817173652535,0.7621368892011607,0.7665322781117624,0.013387467441320732,157
115,3.6046998500823975,0.12953448242926532,0.03638442357381185,0.002986127778026629,0.03913070930578123,49,4,9,912,0.5822665657603059,"{'learning_rate': 0.03913070930578123, 'max_depth': 49, 'min_samples_leaf': 4, 'min_samples_split': 9, 'n_estimators': 912, 'subsample': 0.5822665657603059}",0.8137779474830723,0.8049937216179481,0.7959252242718837,0.8048989644576348,0.0072886517136070686,59
116,2.032680034637451,0.03802790089336229,0.01754315694173177,0.0016459397670410753,0.06956641044727721,6,3,9,753,0.8294621106433337,"{'learning_rate': 0.06956641044727721, 'max_depth': 6, 'min_samples_leaf': 3, 'min_samples_split': 9, 'n_estimators': 753, 'subsample': 0.8294621106433337}",0.8088485562306673,0.7957092558170541,0.7959572428053874,0.8001716849510362,0.006136309737350852,83
117,3.5978382428487143,0.04143792208079877,0.023431142171223957,0.0022563358454092807,0.04802338049428209,99,3,6,483,0.912300884738982,"{'learning_rate': 0.04802338049428209, 'max_depth': 99, 'min_samples_leaf': 3, 'min_samples_split': 6, 'n_estimators': 483, 'subsample': 0.912300884738982}",0.8226802630631805,0.8086304824677384,0.8037348908153457,0.8116818787820881,0.008029738352012835,34
118,0.19098854064941406,0.008800214609454016,0.0030727386474609375,0.0011387620614510172,0.07442554812067859,96,2,3,30,0.8944416862276399,"{'learning_rate': 0.07442554812067859, 'max_depth': 96, 'min_samples_leaf': 2, 'min_samples_split': 3, 'n_estimators': 30, 'subsample': 0.8944416862276399}",0.8256147363224495,0.8188869229471766,0.8041618508961673,0.8162211700552645,0.00895865511256577,22
119,1.2122750282287598,0.016736124322043487,0.01779913902282715,0.000809907761140408,0.2766470152350076,84,2,8,506,0.2915483487122342,"{'learning_rate': 0.2766470152350076, 'max_depth': 84, 'min_samples_leaf': 2, 'min_samples_split': 8, 'n_estimators': 506, 'subsample': 0.2915483487122342}",0.7500337370933755,0.7304977843808396,0.7356438805371555,0.7387251340037903,0.00826776690087662,178
120,4.515963713328044,0.14261536872069827,0.030672152837117512,0.0009920692350439454,0.12376818061433896,14,4,8,878,0.9044788310862751,"{'learning_rate': 0.12376818061433896, 'max_depth': 14, 'min_samples_leaf': 4, 'min_samples_split': 8, 'n_estimators': 878, 'subsample': 0.9044788310862751}",0.8142352598398201,0.7969100474123685,0.7903917719088224,0.800512359720337,0.010061824541371386,82
121,2.0994946161905923,0.0768089369925735,0.01828304926554362,0.00206288054786654,0.1539873119887828,88,3,5,265,0.9251639067454985,"{'learning_rate': 0.1539873119887828, 'max_depth': 88, 'min_samples_leaf': 3, 'min_samples_split': 5, 'n_estimators': 265, 'subsample': 0.9251639067454985}",0.8231591042180917,0.8118400768177101,0.7991963775966469,0.8113985195441495,0.00978772348073173,36
122,1.5430270830790203,0.054051896669965904,0.013496081034342447,0.0017161722888562512,0.16011080362077382,15,1,5,228,0.9301441191323832,"{'learning_rate': 0.16011080362077382, 'max_depth': 15, 'min_samples_leaf': 1, 'min_samples_split': 5, 'n_estimators': 228, 'subsample': 0.9301441191323832}",0.8092284318731031,0.7858885148954969,0.776942812548479,0.7906865864390262,0.01361020258718329,112
123,1.347051699956258,0.006286822359684642,0.015490214029947916,0.0006823669780828082,0.09798041286959208,12,3,5,408,0.497191721913524,"{'learning_rate': 0.09798041286959208, 'max_depth': 12, 'min_samples_leaf': 3, 'min_samples_split': 5, 'n_estimators': 408, 'subsample': 0.497191721913524}",0.8076003886703351,0.7966987017407504,0.7884800849558096,0.7975930584556318,0.007831407237698509,93
124,0.40742818514506024,0.005217356485584553,0.0049283504486083984,0.0009256928763173448,0.2805243344597252,31,1,5,75,0.6029437911828275,"{'learning_rate': 0.2805243344597252, 'max_depth': 31, 'min_samples_leaf': 1, 'min_samples_split': 5, 'n_estimators': 75, 'subsample': 0.6029437911828275}",0.7999243345023358,0.7821211372452406,0.7728100593534716,0.7849518437003494,0.011248871157834007,129
125,1.4554768403371174,0.024200641202304078,0.01862947146097819,0.0008271849213607259,0.07939243814214128,82,2,9,499,0.39038961801128513,"{'learning_rate': 0.07939243814214128, 'max_depth': 82, 'min_samples_leaf': 2, 'min_samples_split': 9, 'n_estimators': 499, 'subsample': 0.39038961801128513}",0.8004194754912752,0.7854644033003161,0.7964583930055679,0.7941140905990531,0.006326418754666459,104
126,0.0714577039082845,0.0015186456428960809,0.002679904301961263,0.0011467608874403989,0.05283962465548985,28,4,3,57,0.130558272515398,"{'learning_rate': 0.05283962465548985, 'max_depth': 28, 'min_samples_leaf': 4, 'min_samples_split': 3, 'n_estimators': 57, 'subsample': 0.130558272515398}",0.8687425184930971,0.8521250378532306,0.8360812303349624,0.8523162622270967,0.013334600634140954,2
127,0.5183853308359782,0.028985532803838487,0.005192677179972331,0.0009467980186924371,0.29496054970428476,36,1,4,76,0.6950518946172825,"{'learning_rate': 0.29496054970428476, 'max_depth': 36, 'min_samples_leaf': 1, 'min_samples_split': 4, 'n_estimators': 76, 'subsample': 0.6950518946172825}",0.795676900923613,0.7759570001822311,0.7902806838312839,0.7873048616457092,0.008321068023301117,118
128,2.2842537562052407,0.05254272140525386,0.019316355387369793,0.004856274080590176,0.11972711750161782,40,2,9,394,0.7543719554529973,"{'learning_rate': 0.11972711750161782, 'max_depth': 40, 'min_samples_leaf': 2, 'min_samples_split': 9, 'n_estimators': 394, 'subsample': 0.7543719554529973}",0.8163821101853487,0.7995201863057316,0.7969508778823746,0.8042843914578183,0.008618446698851348,61
129,2.6847592989603677,0.15992300637673815,0.023609320322672527,0.001556526600323271,0.2046267152963353,63,2,4,470,0.5838970996637823,"{'learning_rate': 0.2046267152963353, 'max_depth': 63, 'min_samples_leaf': 2, 'min_samples_split': 4, 'n_estimators': 470, 'subsample': 0.5838970996637823}",0.8012227877160698,0.7979867567003438,0.7798595479698264,0.7930230307954133,0.009401274178121716,107
130,3.505157709121704,1.0314091811505368,0.028824408849080402,0.005261363976696907,0.21787297559829066,33,1,2,591,0.66512966400604,"{'learning_rate': 0.21787297559829066, 'max_depth': 33, 'min_samples_leaf': 1, 'min_samples_split': 2, 'n_estimators': 591, 'subsample': 0.66512966400604}",0.8111415862701727,0.7693750973895878,0.7739714921451504,0.7848293919349704,0.018699917811536605,130
131,1.638431151707967,0.043646142581620105,0.015998363494873047,0.002264319483513609,0.02111616603537621,19,2,3,339,0.6108167462997531,"{'learning_rate': 0.02111616603537621, 'max_depth': 19, 'min_samples_leaf': 2, 'min_samples_split': 3, 'n_estimators': 339, 'subsample': 0.6108167462997531}",0.8281550767618762,0.8247982143091308,0.8107812938549084,0.8212448616419717,0.0075247068384762155,12
132,0.2992878754933675,0.013843903298072072,0.008287986119588217,0.0015238420522998629,0.06099019698215157,24,4,8,192,0.19909467680086046,"{'learning_rate': 0.06099019698215157, 'max_depth': 24, 'min_samples_leaf': 4, 'min_samples_split': 8, 'n_estimators': 192, 'subsample': 0.19909467680086046}",0.8423420007009452,0.8362512274843186,0.8151466715456503,0.8312466332436381,0.011652780915632611,7
133,1.3274868329366047,0.04657827542452978,0.016483545303344727,0.003359526500710969,0.24695873283466907,64,1,2,224,0.4471691341930458,"{'learning_rate': 0.24695873283466907, 'max_depth': 64, 'min_samples_leaf': 1, 'min_samples_split': 2, 'n_estimators': 224, 'subsample': 0.4471691341930458}",0.7882127731319142,0.7630047901873628,0.7759976290167085,0.7757383974453284,0.010292748314190229,141
134,2.887951930363973,0.013753438972020594,0.022852341334025066,0.0020358425453803,0.08210089257829316,15,1,2,396,0.7840412260692806,"{'learning_rate': 0.08210089257829316, 'max_depth': 15, 'min_samples_leaf': 1, 'min_samples_split': 2, 'n_estimators': 396, 'subsample': 0.7840412260692806}",0.8192708633224919,0.8108143951039264,0.7989944893106695,0.809693249245696,0.008315670419691439,40
135,1.0220986207326253,0.024315468205004343,0.0266114075978597,0.009616857554576795,0.16281278523296758,90,3,5,800,0.13152985168064335,"{'learning_rate': 0.16281278523296758, 'max_depth': 90, 'min_samples_leaf': 3, 'min_samples_split': 5, 'n_estimators': 800, 'subsample': 0.13152985168064335}",0.6947858361835879,0.7001673154853375,0.6942319379173452,0.6963950298620901,0.0026769765208602336,190
136,0.2004238764444987,0.007156177974848707,0.004777193069458008,0.0010368920399099427,0.05164428097582119,22,1,7,55,0.49769134431927275,"{'learning_rate': 0.05164428097582119, 'max_depth': 22, 'min_samples_leaf': 1, 'min_samples_split': 7, 'n_estimators': 55, 'subsample': 0.49769134431927275}",0.8416445336245434,0.8248547853700764,0.8226320469823748,0.8297104553256648,0.008487316423851265,10
137,4.65081787109375,0.24326967785119316,0.042478084564208984,0.0008623685586764995,0.1023460865994731,89,1,3,788,0.48967239770508486,"{'learning_rate': 0.1023460865994731, 'max_depth': 89, 'min_samples_leaf': 1, 'min_samples_split': 3, 'n_estimators': 788, 'subsample': 0.48967239770508486}",0.8236801593123741,0.7988284712544363,0.8003110771356164,0.8076065692341423,0.01138184969009877,48
138,3.0114936033884683,0.1519763691069318,0.02274664243062337,0.0021395430657733766,0.2663608794757549,39,3,6,366,0.8672045902965888,"{'learning_rate': 0.2663608794757549, 'max_depth': 39, 'min_samples_leaf': 3, 'min_samples_split': 6, 'n_estimators': 366, 'subsample': 0.8672045902965888}",0.8147825508732308,0.7906210690588213,0.7789567293765823,0.7947867831028782,0.014919500697634383,101
139,6.4275007247924805,0.6566994075628765,0.04316234588623047,0.0025151811882997317,0.2873304880590134,53,4,4,951,0.7598151058623234,"{'learning_rate': 0.2873304880590134, 'max_depth': 53, 'min_samples_leaf': 4, 'min_samples_split': 4, 'n_estimators': 951, 'subsample': 0.7598151058623234}",0.8009918320692139,0.7852937197101176,0.7872820304920024,0.7911891940904446,0.006978879014495406,109
140,0.7300011316935221,0.03379398125990612,0.01612122853597005,0.0020484916762536676,0.18551578242427635,69,4,9,621,0.1368170137326679,"{'learning_rate': 0.18551578242427635, 'max_depth': 69, 'min_samples_leaf': 4, 'min_samples_split': 9, 'n_estimators': 621, 'subsample': 0.1368170137326679}",0.7317532492997505,0.7257639906758033,0.7107602334828101,0.7227591578194547,0.00882981478263734,184
141,3.14548659324646,0.06673372585133586,0.030530293782552082,0.0040741079826645665,0.15967214230413573,13,4,3,947,0.5186331878266122,"{'learning_rate': 0.15967214230413573, 'max_depth': 13, 'min_samples_leaf': 4, 'min_samples_split': 3, 'n_estimators': 947, 'subsample': 0.5186331878266122}",0.7996978705023045,0.78644605948491,0.7865876537301626,0.7909105279057923,0.006213858418295315,111
142,4.5200737317403155,0.3317354568964992,0.03936910629272461,0.005627638484393373,0.13614585617851457,85,2,9,988,0.5731403871431331,"{'learning_rate': 0.13614585617851457, 'max_depth': 85, 'min_samples_leaf': 2, 'min_samples_split': 9, 'n_estimators': 988, 'subsample': 0.5731403871431331}",0.8110406017917776,0.7957957184700194,0.7950188669063569,0.8006183957227181,0.007376433605180255,81
143,0.9302631219228109,0.020615830462262646,0.015305678049723307,0.0019359405632333906,0.13941202592839613,24,3,7,740,0.1247886366869379,"{'learning_rate': 0.13941202592839613, 'max_depth': 24, 'min_samples_leaf': 3, 'min_samples_split': 7, 'n_estimators': 740, 'subsample': 0.1247886366869379}",0.7487094833691847,0.7456635201567543,0.7318782468154393,0.7420837501137928,0.007322736107603377,175
144,2.813523848851522,0.027929998244613473,0.02725664774576823,0.0030701434627610426,0.019256216405667898,21,2,3,552,0.5921075089948938,"{'learning_rate': 0.019256216405667898, 'max_depth': 21, 'min_samples_leaf': 2, 'min_samples_split': 3, 'n_estimators': 552, 'subsample': 0.5921075089948938}",0.8236528044265217,0.8221442307586518,0.8084183066994182,0.8180717806281971,0.00685376382231254,17
145,0.9055862426757812,0.01789293104837482,0.009287198384602865,0.0005763342744719387,0.14873750467402713,49,3,3,147,0.7970567449975878,"{'learning_rate': 0.14873750467402713, 'max_depth': 49, 'min_samples_leaf': 3, 'min_samples_split': 3, 'n_estimators': 147, 'subsample': 0.7970567449975878}",0.8171071883967252,0.8015316665181829,0.7983407037472603,0.8056598528873895,0.008198645357570903,57
146,0.6690545876820883,0.026106605964495298,0.010390520095825195,0.001622829400659281,0.11199186875847225,33,4,8,343,0.2728271293425708,"{'learning_rate': 0.11199186875847225, 'max_depth': 33, 'min_samples_leaf': 4, 'min_samples_split': 8, 'n_estimators': 343, 'subsample': 0.2728271293425708}",0.7933610042386338,0.7886472589372185,0.7721271049355865,0.7847117893704795,0.009104415062156552,131
147,1.0798288981119792,0.017557658975568186,0.017447153727213543,0.0025567498064257596,0.14788565837242373,92,3,6,543,0.23655695505059093,"{'learning_rate': 0.14788565837242373, 'max_depth': 92, 'min_samples_leaf': 3, 'min_samples_split': 6, 'n_estimators': 543, 'subsample': 0.23655695505059093}",0.7612681148179872,0.7687600046651901,0.7535883855173654,0.7612055016668475,0.006193945818118537,163
148,0.567946990331014,0.006755039249800511,0.010633150736490885,0.0010625029811460636,0.09658796346779822,92,4,7,316,0.2458007567307646,"{'learning_rate': 0.09658796346779822, 'max_depth': 92, 'min_samples_leaf': 4, 'min_samples_split': 7, 'n_estimators': 316, 'subsample': 0.2458007567307646}",0.8001006712987879,0.8059960682677542,0.7913145334274341,0.7991370909979921,0.006032314733386322,87
149,0.2935944398244222,0.005273171083609133,0.008209228515625,0.0023072163671155363,0.2945241542504686,45,2,7,152,0.20992650682141195,"{'learning_rate': 0.2945241542504686, 'max_depth': 45, 'min_samples_leaf': 2, 'min_samples_split': 7, 'n_estimators': 152, 'subsample': 0.20992650682141195}",0.6180292878886595,0.6542664270361325,0.6268712651316831,0.6330556600188251,0.015426548944128959,196
150,0.7010854880015055,0.019710664221977568,0.009247779846191406,0.001964510479688512,0.2662194330504669,24,1,2,123,0.44182309951090337,"{'learning_rate': 0.2662194330504669, 'max_depth': 24, 'min_samples_leaf': 1, 'min_samples_split': 2, 'n_estimators': 123, 'subsample': 0.44182309951090337}",0.7731995545252535,0.770376236784984,0.76702475220391,0.7702001811713824,0.002523924538125455,151
151,2.57282026608785,0.06088760185391026,0.024999141693115234,0.0008471539420391555,0.018537637308412395,81,4,5,706,0.5667087765005128,"{'learning_rate': 0.018537637308412395, 'max_depth': 81, 'min_samples_leaf': 4, 'min_samples_split': 5, 'n_estimators': 706, 'subsample': 0.5667087765005128}",0.8271391598623321,0.8200344977806555,0.8089318372610408,0.8187018316346761,0.007492602946433373,15
152,0.030992507934570312,0.0008047237019907913,0.002720355987548828,0.0013986050175469175,0.17035012265072574,3,3,9,22,0.4805725038245835,"{'learning_rate': 0.17035012265072574, 'max_depth': 3, 'min_samples_leaf': 3, 'min_samples_split': 9, 'n_estimators': 22, 'subsample': 0.4805725038245835}",0.8704860522906542,0.8585173426759435,0.8448319314260954,0.8579451087975644,0.010481064451095359,1
153,1.3153568903605144,0.023974715711011306,0.01595139503479004,0.0003641791051949899,0.17280414721965573,12,1,9,553,0.29883560053156694,"{'learning_rate': 0.17280414721965573, 'max_depth': 12, 'min_samples_leaf': 1, 'min_samples_split': 9, 'n_estimators': 553, 'subsample': 0.29883560053156694}",0.7823006480897723,0.7537404592170666,0.772373769160956,0.7694716254892651,0.011838860461196097,152
154,0.9911268552144369,0.03590347212710133,0.013710896174112955,0.0032429552819572454,0.11356780748058534,5,3,2,529,0.4938096270187302,"{'learning_rate': 0.11356780748058534, 'max_depth': 5, 'min_samples_leaf': 3, 'min_samples_split': 2, 'n_estimators': 529, 'subsample': 0.4938096270187302}",0.8071804819150293,0.7977228764036906,0.7808117799411137,0.7952383794199446,0.010907387554435374,98
155,1.4083924293518066,0.07362826077271073,0.013773123423258463,0.002433689971999495,0.22817661071099538,26,1,6,316,0.4830472374630611,"{'learning_rate': 0.22817661071099538, 'max_depth': 26, 'min_samples_leaf': 1, 'min_samples_split': 6, 'n_estimators': 316, 'subsample': 0.4830472374630611}",0.7811532192525401,0.7613043890849472,0.7796892040238443,0.7740489374537772,0.009031554683129906,145
156,3.9924238522847495,0.7226126582966478,0.03038175900777181,0.0042011157088647395,0.2774826275521908,80,1,9,769,0.6791519109706761,"{'learning_rate': 0.2774826275521908, 'max_depth': 80, 'min_samples_leaf': 1, 'min_samples_split': 9, 'n_estimators': 769, 'subsample': 0.6791519109706761}",0.7907357517518158,0.7794536998699243,0.7914078801867779,0.7871991106028394,0.005483701895887333,119
157,2.343543767929077,0.04289476441224073,0.028787771860758465,0.004263010921693623,0.26142598252372123,37,4,4,877,0.34993735320863417,"{'learning_rate': 0.26142598252372123, 'max_depth': 37, 'min_samples_leaf': 4, 'min_samples_split': 4, 'n_estimators': 877, 'subsample': 0.34993735320863417}",0.7543625365207038,0.7434510028337582,0.7512361467875011,0.7496832287139877,0.004587959441670534,172
158,3.653221527735392,0.11449735246624493,0.02238774299621582,0.0014998607915878844,0.21779062346929773,39,4,2,421,0.9857154592213275,"{'learning_rate': 0.21779062346929773, 'max_depth': 39, 'min_samples_leaf': 4, 'min_samples_split': 2, 'n_estimators': 421, 'subsample': 0.9857154592213275}",0.8115881483049089,0.7955766124755728,0.7983073718002458,0.8018240441935758,0.006993690415654941,75
159,0.9271194934844971,0.02897363560807683,0.007134914398193359,0.0006295484303913623,0.07606259908635767,8,3,2,244,0.9706256970784121,"{'learning_rate': 0.07606259908635767, 'max_depth': 8, 'min_samples_leaf': 3, 'min_samples_split': 2, 'n_estimators': 244, 'subsample': 0.9706256970784121}",0.8200488856466119,0.8150777265740733,0.8033916583306535,0.8128394235171129,0.0069820391431623325,30
160,4.36719552675883,0.31166334022978265,0.028361797332763672,0.0038948174720319123,0.20072355849179582,38,4,8,670,0.7881917842877771,"{'learning_rate': 0.20072355849179582, 'max_depth': 38, 'min_samples_leaf': 4, 'min_samples_split': 8, 'n_estimators': 670, 'subsample': 0.7881917842877771}",0.8159297911846282,0.797530938407244,0.7892685726360206,0.8009097674092976,0.01114353348188964,80
161,4.562471151351929,0.12634219527352233,0.04127176602681478,0.0017019018067855646,0.04075602557041126,81,1,4,826,0.5487919115501672,"{'learning_rate': 0.04075602557041126, 'max_depth': 81, 'min_samples_leaf': 1, 'min_samples_split': 4, 'n_estimators': 826, 'subsample': 0.5487919115501672}",0.8238440942975916,0.8111947905181329,0.8103881581472228,0.8151423476543158,0.00616186984219737,25
162,1.0959417819976807,0.019124582054403483,0.01318661371866862,0.00027604137912360066,0.10521725986226331,12,3,6,363,0.44413319117687655,"{'learning_rate': 0.10521725986226331, 'max_depth': 12, 'min_samples_leaf': 3, 'min_samples_split': 6, 'n_estimators': 363, 'subsample': 0.44413319117687655}",0.8094060444354771,0.7912648123093131,0.7845302185057785,0.7950670250835229,0.010505373082584604,100
163,0.2620541254679362,0.004782499802344741,0.006595214207967122,0.0004086490891003877,0.23334906045817094,57,4,4,196,0.16858365764441718,"{'learning_rate': 0.23334906045817094, 'max_depth': 57, 'min_samples_leaf': 4, 'min_samples_split': 4, 'n_estimators': 196, 'subsample': 0.16858365764441718}",0.7238508403148785,0.7180703174602843,0.723278017406235,0.7217330583937992,0.002600485195843429,185
164,0.2635947068532308,0.0064866544184184645,0.006346782048543294,0.0015501769242214228,0.14952721499823954,86,1,6,109,0.25639428283665777,"{'learning_rate': 0.14952721499823954, 'max_depth': 86, 'min_samples_leaf': 1, 'min_samples_split': 6, 'n_estimators': 109, 'subsample': 0.25639428283665777}",0.7960163389413688,0.7811729782030699,0.7780134283033135,0.7850675818159174,0.007848658094916807,127
165,0.3571118513743083,0.015169103291157579,0.003257910410563151,0.0008205261755676734,0.12286380550744326,1,4,5,412,0.49024185347812355,"{'learning_rate': 0.12286380550744326, 'max_depth': 1, 'min_samples_leaf': 4, 'min_samples_split': 5, 'n_estimators': 412, 'subsample': 0.49024185347812355}",0.7374353496237162,0.7371514078611976,0.7227309684049715,0.7324392419632951,0.006865764698539115,179
166,1.428869088490804,0.05323096180501679,0.011864900588989258,0.0008162430124761409,0.14359515287297764,12,2,6,301,0.7698955542097498,"{'learning_rate': 0.14359515287297764, 'max_depth': 12, 'min_samples_leaf': 2, 'min_samples_split': 6, 'n_estimators': 301, 'subsample': 0.7698955542097498}",0.8133286577747021,0.8037599802158204,0.7881588573397654,0.801749165110096,0.010373435513390011,77
167,4.131471395492554,0.8154842358328871,0.03347452481587728,0.0052434815118121555,0.1911381313858681,66,1,4,713,0.5743660238590246,"{'learning_rate': 0.1911381313858681, 'max_depth': 66, 'min_samples_leaf': 1, 'min_samples_split': 4, 'n_estimators': 713, 'subsample': 0.5743660238590246}",0.8062697611345382,0.772583244769299,0.7853280040321655,0.7880603366453341,0.01388751423253088,117
168,0.8709659576416016,0.024780923607587223,0.013835430145263672,0.0015889722521420908,0.18221299144714043,44,1,9,314,0.32623194540675376,"{'learning_rate': 0.18221299144714043, 'max_depth': 44, 'min_samples_leaf': 1, 'min_samples_split': 9, 'n_estimators': 314, 'subsample': 0.32623194540675376}",0.7647516339615001,0.7487281576601867,0.7604336103414165,0.7579711339877012,0.006769332342220251,168
169,0.48412879308064777,0.015245794401039887,0.008559624354044596,0.0012747657564849667,0.10391748670452315,59,4,6,288,0.22160561677179744,"{'learning_rate': 0.10391748670452315, 'max_depth': 59, 'min_samples_leaf': 4, 'min_samples_split': 6, 'n_estimators': 288, 'subsample': 0.22160561677179744}",0.7995567498419519,0.802366891611422,0.7956513652333908,0.7991916688955882,0.002753729193482527,86
170,4.599075396855672,0.018958002929172036,0.03385591506958008,0.002408569986186195,0.11746769842017465,15,2,8,963,0.6983281341324372,"{'learning_rate': 0.11746769842017465, 'max_depth': 15, 'min_samples_leaf': 2, 'min_samples_split': 8, 'n_estimators': 963, 'subsample': 0.6983281341324372}",0.8192698824945968,0.8081165311405926,0.8030922811149575,0.8101595649167156,0.006760630486249614,39
171,2.285465717315674,0.07989019401258883,0.02384209632873535,0.003330072042183495,0.07138306449160793,85,3,6,578,0.5081745515705036,"{'learning_rate': 0.07138306449160793, 'max_depth': 85, 'min_samples_leaf': 3, 'min_samples_split': 6, 'n_estimators': 578, 'subsample': 0.5081745515705036}",0.8118341982384615,0.8057689023163532,0.7892980018316409,0.8023003674621517,0.00952166258758786,71
172,3.6245505015055337,0.30386619741410736,0.02453772226969401,0.00230192999700084,0.16572176730909874,57,4,8,527,0.8523695985375513,"{'learning_rate': 0.16572176730909874, 'max_depth': 57, 'min_samples_leaf': 4, 'min_samples_split': 8, 'n_estimators': 527, 'subsample': 0.8523695985375513}",0.8181881773336424,0.80136299497384,0.8015347536272082,0.8070286419782301,0.007891294666498967,51
173,0.03819012641906738,0.00036687364650220646,0.0031627019246419272,0.0010117224600279448,0.219308806504182,55,4,6,17,0.33510441585680617,"{'learning_rate': 0.219308806504182, 'max_depth': 55, 'min_samples_leaf': 4, 'min_samples_split': 6, 'n_estimators': 17, 'subsample': 0.33510441585680617}",0.8471255692431495,0.8407177571708866,0.8195823283036754,0.8358085515725705,0.01176811384114958,4
174,0.3833831151326497,0.003242169376536719,0.009167909622192383,0.0030990477336239023,0.10739324461974147,85,3,6,273,0.16298397044639168,"{'learning_rate': 0.10739324461974147, 'max_depth': 85, 'min_samples_leaf': 3, 'min_samples_split': 6, 'n_estimators': 273, 'subsample': 0.16298397044639168}",0.7951843280682759,0.7858495461388858,0.7785219146774909,0.7865185962948842,0.006818833042135775,123
175,2.022965590159098,0.05075640271763358,0.021107594172159832,0.0017761475202563277,0.16059130473141964,65,2,2,528,0.40472398200696125,"{'learning_rate': 0.16059130473141964, 'max_depth': 65, 'min_samples_leaf': 2, 'min_samples_split': 2, 'n_estimators': 528, 'subsample': 0.40472398200696125}",0.7955141295927687,0.7751189509304215,0.7844644821610982,0.7850325208947627,0.008335979413341221,128
176,0.652726411819458,0.022515907437970273,0.01057728131612142,0.000914856076297971,0.1734521150791552,32,3,5,281,0.2886327632033026,"{'learning_rate': 0.1734521150791552, 'max_depth': 32, 'min_samples_leaf': 3, 'min_samples_split': 5, 'n_estimators': 281, 'subsample': 0.2886327632033026}",0.7763075294901389,0.7828368394728837,0.7623836409992497,0.7738426699874242,0.008529946511225765,147
177,0.011703014373779297,0.0022390695198288724,0.002759138743082682,0.00139655796485386,0.08301535050911986,84,4,5,8,0.13804219626778247,"{'learning_rate': 0.08301535050911986, 'max_depth': 84, 'min_samples_leaf': 4, 'min_samples_split': 5, 'n_estimators': 8, 'subsample': 0.13804219626778247}",0.6620320742342731,0.6226477159989539,0.6272397426682403,0.6373065109671557,0.017583833226196287,195
178,5.015544176101685,0.15139450194600282,0.04017806053161621,0.00020529293380994252,0.01411100777362546,93,2,7,930,0.7107316159306277,"{'learning_rate': 0.01411100777362546, 'max_depth': 93, 'min_samples_leaf': 2, 'min_samples_split': 7, 'n_estimators': 930, 'subsample': 0.7107316159306277}",0.8237139416898196,0.8138316671729497,0.8056070449822067,0.8143842179483253,0.007402428041508489,26
179,0.9485431512196859,0.03520351613977203,0.013092120488484701,0.001954008327868848,0.1935210006285427,69,3,6,293,0.4034687774009176,"{'learning_rate': 0.1935210006285427, 'max_depth': 69, 'min_samples_leaf': 3, 'min_samples_split': 6, 'n_estimators': 293, 'subsample': 0.4034687774009176}",0.7839841154099678,0.7714691612119369,0.767167171096716,0.7742068159062069,0.007133183904706582,143
180,2.818151076634725,0.10457951639028833,0.031207482020060223,0.0002825638946415252,0.1591704516241604,81,3,8,941,0.39179946199751736,"{'learning_rate': 0.1591704516241604, 'max_depth': 81, 'min_samples_leaf': 3, 'min_samples_split': 8, 'n_estimators': 941, 'subsample': 0.39179946199751736}",0.7901966070092027,0.7601345442613863,0.76200613051895,0.7707790939298462,0.013751498570946288,150
181,4.477345943450928,0.3029848998580378,0.036549647649129234,0.0019538666608488716,0.22877356542225746,81,4,3,910,0.6273117771880018,"{'learning_rate': 0.22877356542225746, 'max_depth': 81, 'min_samples_leaf': 4, 'min_samples_split': 3, 'n_estimators': 910, 'subsample': 0.6273117771880018}",0.8012672263882535,0.7804403127051944,0.7892842801099295,0.7903306064011257,0.008534681498495233,115
182,0.11362799008687337,0.003955489189486659,0.0023566881815592446,0.0004992776261266521,0.252262719272485,67,1,8,21,0.706924368277968,"{'learning_rate': 0.252262719272485, 'max_depth': 67, 'min_samples_leaf': 1, 'min_samples_split': 8, 'n_estimators': 21, 'subsample': 0.706924368277968}",0.7942181360368424,0.7960210706841331,0.7808347078145105,0.7903579715118286,0.006774071002584986,114
183,3.4109537601470947,0.30036257605698813,0.02590028444925944,0.003267145371403158,0.19699009805237927,69,4,8,502,0.8120776162572413,"{'learning_rate': 0.19699009805237927, 'max_depth': 69, 'min_samples_leaf': 4, 'min_samples_split': 8, 'n_estimators': 502, 'subsample': 0.8120776162572413}",0.8077098754834598,0.8043909987365985,0.793167183232742,0.8017560191509334,0.006222529632307933,76
184,2.4277186393737793,0.06026755924043886,0.025258779525756836,0.0010921640491513326,0.021056019512511445,45,3,5,666,0.49799216986612715,"{'learning_rate': 0.021056019512511445, 'max_depth': 45, 'min_samples_leaf': 3, 'min_samples_split': 5, 'n_estimators': 666, 'subsample': 0.49799216986612715}",0.8248426265691027,0.8165311588554345,0.8067176800191578,0.8160304884812316,0.007407942808332741,23
185,1.7125348250071208,0.020797997292584747,0.026668230692545574,0.0016247663121221985,0.2982870831006603,21,3,3,817,0.23799224657217422,"{'learning_rate': 0.2982870831006603, 'max_depth': 21, 'min_samples_leaf': 3, 'min_samples_split': 3, 'n_estimators': 817, 'subsample': 0.23799224657217422}",0.6734628391038286,0.6834661298816949,0.692358987284087,0.6830959854232036,0.007718758933174156,192
186,0.7040824095408121,0.011443339995905018,0.010974248250325521,0.000207808413921459,0.2903283692663753,30,4,9,368,0.25054762327528585,"{'learning_rate': 0.2903283692663753, 'max_depth': 30, 'min_samples_leaf': 4, 'min_samples_split': 9, 'n_estimators': 368, 'subsample': 0.25054762327528585}",0.7101752019411252,0.69653803750903,0.6791504051466051,0.6952878815322534,0.012696631351399697,191
187,0.6788077354431152,0.024412360156053855,0.013703346252441406,0.0010178295128796802,0.03918101020770938,30,4,4,524,0.14732230460527837,"{'learning_rate': 0.03918101020770938, 'max_depth': 30, 'min_samples_leaf': 4, 'min_samples_split': 4, 'n_estimators': 524, 'subsample': 0.14732230460527837}",0.8434547290293395,0.8345958065515899,0.8154183413437314,0.8311562923082203,0.011701351838916926,8
188,2.0860607624053955,0.007927110080436926,0.01830887794494629,0.0015765729320207313,0.10586880981633531,99,1,3,235,0.8570474791922224,"{'learning_rate': 0.10586880981633531, 'max_depth': 99, 'min_samples_leaf': 1, 'min_samples_split': 3, 'n_estimators': 235, 'subsample': 0.8570474791922224}",0.8105212777344963,0.8033954298963255,0.7818999453009821,0.7986055509772679,0.0121655900695872,89
189,2.305920362472534,0.030130947260594027,0.03440300623575846,0.007017229050689451,0.0560169516064568,40,2,7,982,0.2848147972555287,"{'learning_rate': 0.0560169516064568, 'max_depth': 40, 'min_samples_leaf': 2, 'min_samples_split': 7, 'n_estimators': 982, 'subsample': 0.2848147972555287}",0.7975548025898092,0.7923703588990285,0.7832252718232113,0.7910501444373498,0.005924023838931207,110
190,4.303549766540527,0.13128803492703872,0.0365304152170817,0.001226884453684939,0.20859949653208842,44,2,7,953,0.5025892100504564,"{'learning_rate': 0.20859949653208842, 'max_depth': 44, 'min_samples_leaf': 2, 'min_samples_split': 7, 'n_estimators': 953, 'subsample': 0.5025892100504564}",0.7898270270294627,0.7847131869399994,0.7848711197670057,0.7864704445788225,0.002374337803180844,124
191,0.3759301503499349,0.01404162865231782,0.004402716954549153,0.000929568129514818,0.28611410245774155,70,3,6,58,0.86304170301911,"{'learning_rate': 0.28611410245774155, 'max_depth': 70, 'min_samples_leaf': 3, 'min_samples_split': 6, 'n_estimators': 58, 'subsample': 0.86304170301911}",0.8129186161951932,0.7915949095656062,0.7788815719680577,0.7944650325762858,0.014042988748893367,102
192,1.4110324382781982,0.10825265394037137,0.011347691218058268,0.0009238898743844146,0.21206968740522322,53,2,7,187,0.8604298184046736,"{'learning_rate': 0.21206968740522322, 'max_depth': 53, 'min_samples_leaf': 2, 'min_samples_split': 7, 'n_estimators': 187, 'subsample': 0.8604298184046736}",0.8097084060210723,0.8039450233619716,0.7986539366046789,0.804102455329241,0.0045143410104342765,62
193,2.3069368998209634,0.0686957086788855,0.019937833150227863,0.004205257475773361,0.07551278643051988,78,4,9,398,0.8071526746815043,"{'learning_rate': 0.07551278643051988, 'max_depth': 78, 'min_samples_leaf': 4, 'min_samples_split': 9, 'n_estimators': 398, 'subsample': 0.8071526746815043}",0.8145399919361367,0.8074744261464921,0.7990885278594616,0.8070343153140301,0.006315705750314471,50
194,1.5988518397013347,0.05633959041026113,0.011726299921671549,0.0020589303236025537,0.036281340950429904,82,3,4,241,0.9175229994896228,"{'learning_rate': 0.036281340950429904, 'max_depth': 82, 'min_samples_leaf': 3, 'min_samples_split': 4, 'n_estimators': 241, 'subsample': 0.9175229994896228}",0.8199377332501862,0.8134022372291261,0.8036491066977437,0.812329692392352,0.006692911825775158,31
195,0.13306554158528647,0.002609760887358819,0.0037572383880615234,0.0010648073941566007,0.12308797165980945,54,1,6,28,0.6167801864345196,"{'learning_rate': 0.12308797165980945, 'max_depth': 54, 'min_samples_leaf': 1, 'min_samples_split': 6, 'n_estimators': 28, 'subsample': 0.6167801864345196}",0.8216927051307881,0.8207848862228588,0.8099205014705062,0.8174660309413845,0.005348351461856675,20
196,1.4582878748575847,0.005990843711367828,0.01651485761006673,0.002428771187408695,0.11668480787614358,68,4,8,445,0.4925872897730279,"{'learning_rate': 0.11668480787614358, 'max_depth': 68, 'min_samples_leaf': 4, 'min_samples_split': 8, 'n_estimators': 445, 'subsample': 0.4925872897730279}",0.8088237293801978,0.7916061321753886,0.7926435568446909,0.7976911394667591,0.007883314917034872,92
197,0.012606064478556315,0.002328039940756634,0.0017770926157633464,0.0012626311555650686,0.1239853085348726,81,3,4,3,0.5009758393554683,"{'learning_rate': 0.1239853085348726, 'max_depth': 81, 'min_samples_leaf': 3, 'min_samples_split': 4, 'n_estimators': 3, 'subsample': 0.5009758393554683}",0.48686296270756,0.4605003134585214,0.45972285438643445,0.46902871018417197,0.012614714502071852,200
198,1.3277023633321126,0.039847629881446585,0.015691280364990234,0.0008548004218530484,0.2253136211325869,26,4,7,508,0.4747929511604132,"{'learning_rate': 0.2253136211325869, 'max_depth': 26, 'min_samples_leaf': 4, 'min_samples_split': 7, 'n_estimators': 508, 'subsample': 0.4747929511604132}",0.7881486024143101,0.7706222221623956,0.7634887555925678,0.7740865267230911,0.010361083144307838,144
199,2.5990024407704673,0.09219675062076431,0.02417437235514323,0.001844156765317976,0.2762663763034886,26,1,7,837,0.5529226843742542,"{'learning_rate': 0.2762663763034886, 'max_depth': 26, 'min_samples_leaf': 1, 'min_samples_split': 7, 'n_estimators': 837, 'subsample': 0.5529226843742542}",0.7853359443795606,0.7602626785425597,0.772155935115361,0.7725848526791603,0.010240610093825155,148
